CSVv2;OperatingPoint, measurementType, sysType, jetFlavor, etaMin, etaMax, ptMin, ptMax, discrMin, discrMax, formula
0, mujets, central, 1, -2.4, 2.4, 30, 670, 0, 1, "0.956768*((1.+(0.107522*x))/(1.+(0.110892*x)))" 
0, mujets, central, 0, -2.4, 2.4, 30, 670, 0, 1, "0.956768*((1.+(0.107522*x))/(1.+(0.110892*x)))" 
0, mujets, down, 1, -2.4, 2.4, 30, 50, 0, 1, "(0.956768*((1.+(0.107522*x))/(1.+(0.110892*x))))-0.019533047452569008" 
0, mujets, down, 1, -2.4, 2.4, 50, 70, 0, 1, "(0.956768*((1.+(0.107522*x))/(1.+(0.110892*x))))-0.025512963533401489" 
0, mujets, down, 1, -2.4, 2.4, 70, 100, 0, 1, "(0.956768*((1.+(0.107522*x))/(1.+(0.110892*x))))-0.023764876648783684" 
0, mujets, down, 1, -2.4, 2.4, 100, 140, 0, 1, "(0.956768*((1.+(0.107522*x))/(1.+(0.110892*x))))-0.034939832985401154" 
0, mujets, down, 1, -2.4, 2.4, 140, 200, 0, 1, "(0.956768*((1.+(0.107522*x))/(1.+(0.110892*x))))-0.040045991539955139" 
0, mujets, down, 1, -2.4, 2.4, 200, 300, 0, 1, "(0.956768*((1.+(0.107522*x))/(1.+(0.110892*x))))-0.039097372442483902" 
0, mujets, down, 1, -2.4, 2.4, 300, 670, 0, 1, "(0.956768*((1.+(0.107522*x))/(1.+(0.110892*x))))-0.089514970779418834" 
0, mujets, down, 0, -2.4, 2.4, 30, 50, 0, 1, "(0.956768*((1.+(0.107522*x))/(1.+(0.110892*x))))-0.0097665237262845039" 
0, mujets, down, 0, -2.4, 2.4, 50, 70, 0, 1, "(0.956768*((1.+(0.107522*x))/(1.+(0.110892*x))))-0.012756481766700745" 
0, mujets, down, 0, -2.4, 2.4, 70, 100, 0, 1, "(0.956768*((1.+(0.107522*x))/(1.+(0.110892*x))))-0.011882438324391842" 
0, mujets, down, 0, -2.4, 2.4, 100, 140, 0, 1, "(0.956768*((1.+(0.107522*x))/(1.+(0.110892*x))))-0.017469916492700577" 
0, mujets, down, 0, -2.4, 2.4, 140, 200, 0, 1, "(0.956768*((1.+(0.107522*x))/(1.+(0.110892*x))))-0.02002299576997757" 
0, mujets, down, 0, -2.4, 2.4, 200, 300, 0, 1, "(0.956768*((1.+(0.107522*x))/(1.+(0.110892*x))))-0.019548686221241951" 
0, mujets, down, 0, -2.4, 2.4, 300, 670, 0, 1, "(0.956768*((1.+(0.107522*x))/(1.+(0.110892*x))))-0.044757485389709473" 
0, mujets, down_correlated, 1, -2.4, 2.4, 30, 50, 0, 1, "(0.956768*((1.+(0.107522*x))/(1.+(0.110892*x))))-0.014723343940045465" 
0, mujets, down_correlated, 1, -2.4, 2.4, 50, 70, 0, 1, "(0.956768*((1.+(0.107522*x))/(1.+(0.110892*x))))-0.021293319731073693" 
0, mujets, down_correlated, 1, -2.4, 2.4, 70, 100, 0, 1, "(0.956768*((1.+(0.107522*x))/(1.+(0.110892*x))))-0.018887752490673353" 
0, mujets, down_correlated, 1, -2.4, 2.4, 100, 140, 0, 1, "(0.956768*((1.+(0.107522*x))/(1.+(0.110892*x))))-0.030207595899281112" 
0, mujets, down_correlated, 1, -2.4, 2.4, 140, 200, 0, 1, "(0.956768*((1.+(0.107522*x))/(1.+(0.110892*x))))-0.038392918184050009" 
0, mujets, down_correlated, 1, -2.4, 2.4, 200, 300, 0, 1, "(0.956768*((1.+(0.107522*x))/(1.+(0.110892*x))))-0.037183152903518472" 
0, mujets, down_correlated, 1, -2.4, 2.4, 300, 670, 0, 1, "(0.956768*((1.+(0.107522*x))/(1.+(0.110892*x))))-0.085904632827501604" 
0, mujets, down_correlated, 0, -2.4, 2.4, 30, 50, 0, 1, "(0.956768*((1.+(0.107522*x))/(1.+(0.110892*x))))-0.0073616719700227325" 
0, mujets, down_correlated, 0, -2.4, 2.4, 50, 70, 0, 1, "(0.956768*((1.+(0.107522*x))/(1.+(0.110892*x))))-0.010646659865536846" 
0, mujets, down_correlated, 0, -2.4, 2.4, 70, 100, 0, 1, "(0.956768*((1.+(0.107522*x))/(1.+(0.110892*x))))-0.0094438762453366767" 
0, mujets, down_correlated, 0, -2.4, 2.4, 100, 140, 0, 1, "(0.956768*((1.+(0.107522*x))/(1.+(0.110892*x))))-0.015103797949640556" 
0, mujets, down_correlated, 0, -2.4, 2.4, 140, 200, 0, 1, "(0.956768*((1.+(0.107522*x))/(1.+(0.110892*x))))-0.019196459092025005" 
0, mujets, down_correlated, 0, -2.4, 2.4, 200, 300, 0, 1, "(0.956768*((1.+(0.107522*x))/(1.+(0.110892*x))))-0.018591576451759236" 
0, mujets, down_correlated, 0, -2.4, 2.4, 300, 670, 0, 1, "(0.956768*((1.+(0.107522*x))/(1.+(0.110892*x))))-0.042952316413750857" 
0, mujets, down_uncorrelated, 1, -2.4, 2.4, 30, 50, 0, 1, "(0.956768*((1.+(0.107522*x))/(1.+(0.110892*x))))-0.01283600740134716" 
0, mujets, down_uncorrelated, 1, -2.4, 2.4, 50, 70, 0, 1, "(0.956768*((1.+(0.107522*x))/(1.+(0.110892*x))))-0.014053677208721638" 
0, mujets, down_uncorrelated, 1, -2.4, 2.4, 70, 100, 0, 1, "(0.956768*((1.+(0.107522*x))/(1.+(0.110892*x))))-0.014422973617911339" 
0, mujets, down_uncorrelated, 1, -2.4, 2.4, 100, 140, 0, 1, "(0.956768*((1.+(0.107522*x))/(1.+(0.110892*x))))-0.017558276653289795" 
0, mujets, down_uncorrelated, 1, -2.4, 2.4, 140, 200, 0, 1, "(0.956768*((1.+(0.107522*x))/(1.+(0.110892*x))))-0.01138706598430872" 
0, mujets, down_uncorrelated, 1, -2.4, 2.4, 200, 300, 0, 1, "(0.956768*((1.+(0.107522*x))/(1.+(0.110892*x))))-0.012083777226507664" 
0, mujets, down_uncorrelated, 1, -2.4, 2.4, 300, 670, 0, 1, "(0.956768*((1.+(0.107522*x))/(1.+(0.110892*x))))-0.025165930390357971" 
0, mujets, down_uncorrelated, 0, -2.4, 2.4, 30, 50, 0, 1, "(0.956768*((1.+(0.107522*x))/(1.+(0.110892*x))))-0.0064180037006735802" 
0, mujets, down_uncorrelated, 0, -2.4, 2.4, 50, 70, 0, 1, "(0.956768*((1.+(0.107522*x))/(1.+(0.110892*x))))-0.0070268386043608189" 
0, mujets, down_uncorrelated, 0, -2.4, 2.4, 70, 100, 0, 1, "(0.956768*((1.+(0.107522*x))/(1.+(0.110892*x))))-0.0072114868089556694" 
0, mujets, down_uncorrelated, 0, -2.4, 2.4, 100, 140, 0, 1, "(0.956768*((1.+(0.107522*x))/(1.+(0.110892*x))))-0.0087791383266448975" 
0, mujets, down_uncorrelated, 0, -2.4, 2.4, 140, 200, 0, 1, "(0.956768*((1.+(0.107522*x))/(1.+(0.110892*x))))-0.0056935329921543598" 
0, mujets, down_uncorrelated, 0, -2.4, 2.4, 200, 300, 0, 1, "(0.956768*((1.+(0.107522*x))/(1.+(0.110892*x))))-0.0060418886132538319" 
0, mujets, down_uncorrelated, 0, -2.4, 2.4, 300, 670, 0, 1, "(0.956768*((1.+(0.107522*x))/(1.+(0.110892*x))))-0.012582965195178986" 
0, mujets, up, 1, -2.4, 2.4, 30, 50, 0, 1, "(0.956768*((1.+(0.107522*x))/(1.+(0.110892*x))))+0.019533047452569008" 
0, mujets, up, 1, -2.4, 2.4, 50, 70, 0, 1, "(0.956768*((1.+(0.107522*x))/(1.+(0.110892*x))))+0.025512963533401489" 
0, mujets, up, 1, -2.4, 2.4, 70, 100, 0, 1, "(0.956768*((1.+(0.107522*x))/(1.+(0.110892*x))))+0.023764876648783684" 
0, mujets, up, 1, -2.4, 2.4, 100, 140, 0, 1, "(0.956768*((1.+(0.107522*x))/(1.+(0.110892*x))))+0.034939832985401154" 
0, mujets, up, 1, -2.4, 2.4, 140, 200, 0, 1, "(0.956768*((1.+(0.107522*x))/(1.+(0.110892*x))))+0.040045991539955139" 
0, mujets, up, 1, -2.4, 2.4, 200, 300, 0, 1, "(0.956768*((1.+(0.107522*x))/(1.+(0.110892*x))))+0.039097372442483902" 
0, mujets, up, 1, -2.4, 2.4, 300, 670, 0, 1, "(0.956768*((1.+(0.107522*x))/(1.+(0.110892*x))))+0.089514970779418834" 
0, mujets, up, 0, -2.4, 2.4, 30, 50, 0, 1, "(0.956768*((1.+(0.107522*x))/(1.+(0.110892*x))))+0.0097665237262845039" 
0, mujets, up, 0, -2.4, 2.4, 50, 70, 0, 1, "(0.956768*((1.+(0.107522*x))/(1.+(0.110892*x))))+0.012756481766700745" 
0, mujets, up, 0, -2.4, 2.4, 70, 100, 0, 1, "(0.956768*((1.+(0.107522*x))/(1.+(0.110892*x))))+0.011882438324391842" 
0, mujets, up, 0, -2.4, 2.4, 100, 140, 0, 1, "(0.956768*((1.+(0.107522*x))/(1.+(0.110892*x))))+0.017469916492700577" 
0, mujets, up, 0, -2.4, 2.4, 140, 200, 0, 1, "(0.956768*((1.+(0.107522*x))/(1.+(0.110892*x))))+0.02002299576997757" 
0, mujets, up, 0, -2.4, 2.4, 200, 300, 0, 1, "(0.956768*((1.+(0.107522*x))/(1.+(0.110892*x))))+0.019548686221241951" 
0, mujets, up, 0, -2.4, 2.4, 300, 670, 0, 1, "(0.956768*((1.+(0.107522*x))/(1.+(0.110892*x))))+0.044757485389709473" 
0, mujets, up_correlated, 1, -2.4, 2.4, 30, 50, 0, 1, "(0.956768*((1.+(0.107522*x))/(1.+(0.110892*x))))+0.014723343940045465" 
0, mujets, up_correlated, 1, -2.4, 2.4, 50, 70, 0, 1, "(0.956768*((1.+(0.107522*x))/(1.+(0.110892*x))))+0.021293319731073693" 
0, mujets, up_correlated, 1, -2.4, 2.4, 70, 100, 0, 1, "(0.956768*((1.+(0.107522*x))/(1.+(0.110892*x))))+0.018887752490673353" 
0, mujets, up_correlated, 1, -2.4, 2.4, 100, 140, 0, 1, "(0.956768*((1.+(0.107522*x))/(1.+(0.110892*x))))+0.030207595899281112" 
0, mujets, up_correlated, 1, -2.4, 2.4, 140, 200, 0, 1, "(0.956768*((1.+(0.107522*x))/(1.+(0.110892*x))))+0.038392918184050009" 
0, mujets, up_correlated, 1, -2.4, 2.4, 200, 300, 0, 1, "(0.956768*((1.+(0.107522*x))/(1.+(0.110892*x))))+0.037183152903518472" 
0, mujets, up_correlated, 1, -2.4, 2.4, 300, 670, 0, 1, "(0.956768*((1.+(0.107522*x))/(1.+(0.110892*x))))+0.085904632827501604" 
0, mujets, up_correlated, 0, -2.4, 2.4, 30, 50, 0, 1, "(0.956768*((1.+(0.107522*x))/(1.+(0.110892*x))))+0.0073616719700227325" 
0, mujets, up_correlated, 0, -2.4, 2.4, 50, 70, 0, 1, "(0.956768*((1.+(0.107522*x))/(1.+(0.110892*x))))+0.010646659865536846" 
0, mujets, up_correlated, 0, -2.4, 2.4, 70, 100, 0, 1, "(0.956768*((1.+(0.107522*x))/(1.+(0.110892*x))))+0.0094438762453366767" 
0, mujets, up_correlated, 0, -2.4, 2.4, 100, 140, 0, 1, "(0.956768*((1.+(0.107522*x))/(1.+(0.110892*x))))+0.015103797949640556" 
0, mujets, up_correlated, 0, -2.4, 2.4, 140, 200, 0, 1, "(0.956768*((1.+(0.107522*x))/(1.+(0.110892*x))))+0.019196459092025005" 
0, mujets, up_correlated, 0, -2.4, 2.4, 200, 300, 0, 1, "(0.956768*((1.+(0.107522*x))/(1.+(0.110892*x))))+0.018591576451759236" 
0, mujets, up_correlated, 0, -2.4, 2.4, 300, 670, 0, 1, "(0.956768*((1.+(0.107522*x))/(1.+(0.110892*x))))+0.042952316413750857" 
0, mujets, up_uncorrelated, 1, -2.4, 2.4, 30, 50, 0, 1, "(0.956768*((1.+(0.107522*x))/(1.+(0.110892*x))))+0.01283600740134716" 
0, mujets, up_uncorrelated, 1, -2.4, 2.4, 50, 70, 0, 1, "(0.956768*((1.+(0.107522*x))/(1.+(0.110892*x))))+0.014053677208721638" 
0, mujets, up_uncorrelated, 1, -2.4, 2.4, 70, 100, 0, 1, "(0.956768*((1.+(0.107522*x))/(1.+(0.110892*x))))+0.014422973617911339" 
0, mujets, up_uncorrelated, 1, -2.4, 2.4, 100, 140, 0, 1, "(0.956768*((1.+(0.107522*x))/(1.+(0.110892*x))))+0.017558276653289795" 
0, mujets, up_uncorrelated, 1, -2.4, 2.4, 140, 200, 0, 1, "(0.956768*((1.+(0.107522*x))/(1.+(0.110892*x))))+0.01138706598430872" 
0, mujets, up_uncorrelated, 1, -2.4, 2.4, 200, 300, 0, 1, "(0.956768*((1.+(0.107522*x))/(1.+(0.110892*x))))+0.012083777226507664" 
0, mujets, up_uncorrelated, 1, -2.4, 2.4, 300, 670, 0, 1, "(0.956768*((1.+(0.107522*x))/(1.+(0.110892*x))))+0.025165930390357971" 
0, mujets, up_uncorrelated, 0, -2.4, 2.4, 30, 50, 0, 1, "(0.956768*((1.+(0.107522*x))/(1.+(0.110892*x))))+0.0064180037006735802" 
0, mujets, up_uncorrelated, 0, -2.4, 2.4, 50, 70, 0, 1, "(0.956768*((1.+(0.107522*x))/(1.+(0.110892*x))))+0.0070268386043608189" 
0, mujets, up_uncorrelated, 0, -2.4, 2.4, 70, 100, 0, 1, "(0.956768*((1.+(0.107522*x))/(1.+(0.110892*x))))+0.0072114868089556694" 
0, mujets, up_uncorrelated, 0, -2.4, 2.4, 100, 140, 0, 1, "(0.956768*((1.+(0.107522*x))/(1.+(0.110892*x))))+0.0087791383266448975" 
0, mujets, up_uncorrelated, 0, -2.4, 2.4, 140, 200, 0, 1, "(0.956768*((1.+(0.107522*x))/(1.+(0.110892*x))))+0.0056935329921543598" 
0, mujets, up_uncorrelated, 0, -2.4, 2.4, 200, 300, 0, 1, "(0.956768*((1.+(0.107522*x))/(1.+(0.110892*x))))+0.0060418886132538319" 
0, mujets, up_uncorrelated, 0, -2.4, 2.4, 300, 670, 0, 1, "(0.956768*((1.+(0.107522*x))/(1.+(0.110892*x))))+0.012582965195178986" 
1, mujets, central, 1, -2.4, 2.4, 30, 670, 0, 1, "0.628408*((1.+(0.576276*x))/(1.+(0.396304*x)))" 
1, mujets, central, 0, -2.4, 2.4, 30, 670, 0, 1, "0.628408*((1.+(0.576276*x))/(1.+(0.396304*x)))" 
1, mujets, down, 1, -2.4, 2.4, 30, 50, 0, 1, "(0.628408*((1.+(0.576276*x))/(1.+(0.396304*x))))-0.029557975009083748" 
1, mujets, down, 1, -2.4, 2.4, 50, 70, 0, 1, "(0.628408*((1.+(0.576276*x))/(1.+(0.396304*x))))-0.03100409172475338" 
1, mujets, down, 1, -2.4, 2.4, 70, 100, 0, 1, "(0.628408*((1.+(0.576276*x))/(1.+(0.396304*x))))-0.030108468607068062" 
1, mujets, down, 1, -2.4, 2.4, 100, 140, 0, 1, "(0.628408*((1.+(0.576276*x))/(1.+(0.396304*x))))-0.048079650849103928" 
1, mujets, down, 1, -2.4, 2.4, 140, 200, 0, 1, "(0.628408*((1.+(0.576276*x))/(1.+(0.396304*x))))-0.059211321175098419" 
1, mujets, down, 1, -2.4, 2.4, 200, 300, 0, 1, "(0.628408*((1.+(0.576276*x))/(1.+(0.396304*x))))-0.066058672964572906" 
1, mujets, down, 1, -2.4, 2.4, 300, 670, 0, 1, "(0.628408*((1.+(0.576276*x))/(1.+(0.396304*x))))-0.074019312858581543" 
1, mujets, down, 0, -2.4, 2.4, 30, 50, 0, 1, "(0.628408*((1.+(0.576276*x))/(1.+(0.396304*x))))-0.014778987504541874" 
1, mujets, down, 0, -2.4, 2.4, 50, 70, 0, 1, "(0.628408*((1.+(0.576276*x))/(1.+(0.396304*x))))-0.01550204586237669" 
1, mujets, down, 0, -2.4, 2.4, 70, 100, 0, 1, "(0.628408*((1.+(0.576276*x))/(1.+(0.396304*x))))-0.015054234303534031" 
1, mujets, down, 0, -2.4, 2.4, 100, 140, 0, 1, "(0.628408*((1.+(0.576276*x))/(1.+(0.396304*x))))-0.024039825424551964" 
1, mujets, down, 0, -2.4, 2.4, 140, 200, 0, 1, "(0.628408*((1.+(0.576276*x))/(1.+(0.396304*x))))-0.02960566058754921" 
1, mujets, down, 0, -2.4, 2.4, 200, 300, 0, 1, "(0.628408*((1.+(0.576276*x))/(1.+(0.396304*x))))-0.033029336482286453" 
1, mujets, down, 0, -2.4, 2.4, 300, 670, 0, 1, "(0.628408*((1.+(0.576276*x))/(1.+(0.396304*x))))-0.037009656429290771" 
1, mujets, down_correlated, 1, -2.4, 2.4, 30, 50, 0, 1, "(0.628408*((1.+(0.576276*x))/(1.+(0.396304*x))))-0.024336005717077447" 
1, mujets, down_correlated, 1, -2.4, 2.4, 50, 70, 0, 1, "(0.628408*((1.+(0.576276*x))/(1.+(0.396304*x))))-0.028140534891236409" 
1, mujets, down_correlated, 1, -2.4, 2.4, 70, 100, 0, 1, "(0.628408*((1.+(0.576276*x))/(1.+(0.396304*x))))-0.025055810006022246" 
1, mujets, down_correlated, 1, -2.4, 2.4, 100, 140, 0, 1, "(0.628408*((1.+(0.576276*x))/(1.+(0.396304*x))))-0.042799463105476984" 
1, mujets, down_correlated, 1, -2.4, 2.4, 140, 200, 0, 1, "(0.628408*((1.+(0.576276*x))/(1.+(0.396304*x))))-0.05714572355010087" 
1, mujets, down_correlated, 1, -2.4, 2.4, 200, 300, 0, 1, "(0.628408*((1.+(0.576276*x))/(1.+(0.396304*x))))-0.063195846110164072" 
1, mujets, down_correlated, 1, -2.4, 2.4, 300, 670, 0, 1, "(0.628408*((1.+(0.576276*x))/(1.+(0.396304*x))))-0.068128511718282853" 
1, mujets, down_correlated, 0, -2.4, 2.4, 30, 50, 0, 1, "(0.628408*((1.+(0.576276*x))/(1.+(0.396304*x))))-0.012168002858538723" 
1, mujets, down_correlated, 0, -2.4, 2.4, 50, 70, 0, 1, "(0.628408*((1.+(0.576276*x))/(1.+(0.396304*x))))-0.014070267445618205" 
1, mujets, down_correlated, 0, -2.4, 2.4, 70, 100, 0, 1, "(0.628408*((1.+(0.576276*x))/(1.+(0.396304*x))))-0.012527905003011123" 
1, mujets, down_correlated, 0, -2.4, 2.4, 100, 140, 0, 1, "(0.628408*((1.+(0.576276*x))/(1.+(0.396304*x))))-0.021399731552738492" 
1, mujets, down_correlated, 0, -2.4, 2.4, 140, 200, 0, 1, "(0.628408*((1.+(0.576276*x))/(1.+(0.396304*x))))-0.028572861775050435" 
1, mujets, down_correlated, 0, -2.4, 2.4, 200, 300, 0, 1, "(0.628408*((1.+(0.576276*x))/(1.+(0.396304*x))))-0.031597923055082036" 
1, mujets, down_correlated, 0, -2.4, 2.4, 300, 670, 0, 1, "(0.628408*((1.+(0.576276*x))/(1.+(0.396304*x))))-0.034064255859141426" 
1, mujets, down_uncorrelated, 1, -2.4, 2.4, 30, 50, 0, 1, "(0.628408*((1.+(0.576276*x))/(1.+(0.396304*x))))-0.016775956377387047" 
1, mujets, down_uncorrelated, 1, -2.4, 2.4, 50, 70, 0, 1, "(0.628408*((1.+(0.576276*x))/(1.+(0.396304*x))))-0.013013992458581924" 
1, mujets, down_uncorrelated, 1, -2.4, 2.4, 70, 100, 0, 1, "(0.628408*((1.+(0.576276*x))/(1.+(0.396304*x))))-0.016695097088813782" 
1, mujets, down_uncorrelated, 1, -2.4, 2.4, 100, 140, 0, 1, "(0.628408*((1.+(0.576276*x))/(1.+(0.396304*x))))-0.021905679255723953" 
1, mujets, down_uncorrelated, 1, -2.4, 2.4, 140, 200, 0, 1, "(0.628408*((1.+(0.576276*x))/(1.+(0.396304*x))))-0.01550312340259552" 
1, mujets, down_uncorrelated, 1, -2.4, 2.4, 200, 300, 0, 1, "(0.628408*((1.+(0.576276*x))/(1.+(0.396304*x))))-0.019236249849200249" 
1, mujets, down_uncorrelated, 1, -2.4, 2.4, 300, 670, 0, 1, "(0.628408*((1.+(0.576276*x))/(1.+(0.396304*x))))-0.02893725223839283" 
1, mujets, down_uncorrelated, 0, -2.4, 2.4, 30, 50, 0, 1, "(0.628408*((1.+(0.576276*x))/(1.+(0.396304*x))))-0.0083879781886935234" 
1, mujets, down_uncorrelated, 0, -2.4, 2.4, 50, 70, 0, 1, "(0.628408*((1.+(0.576276*x))/(1.+(0.396304*x))))-0.0065069962292909622" 
1, mujets, down_uncorrelated, 0, -2.4, 2.4, 70, 100, 0, 1, "(0.628408*((1.+(0.576276*x))/(1.+(0.396304*x))))-0.0083475485444068909" 
1, mujets, down_uncorrelated, 0, -2.4, 2.4, 100, 140, 0, 1, "(0.628408*((1.+(0.576276*x))/(1.+(0.396304*x))))-0.010952839627861977" 
1, mujets, down_uncorrelated, 0, -2.4, 2.4, 140, 200, 0, 1, "(0.628408*((1.+(0.576276*x))/(1.+(0.396304*x))))-0.00775156170129776" 
1, mujets, down_uncorrelated, 0, -2.4, 2.4, 200, 300, 0, 1, "(0.628408*((1.+(0.576276*x))/(1.+(0.396304*x))))-0.0096181249246001244" 
1, mujets, down_uncorrelated, 0, -2.4, 2.4, 300, 670, 0, 1, "(0.628408*((1.+(0.576276*x))/(1.+(0.396304*x))))-0.014468626119196415" 
1, mujets, up, 1, -2.4, 2.4, 30, 50, 0, 1, "(0.628408*((1.+(0.576276*x))/(1.+(0.396304*x))))+0.029557975009083748" 
1, mujets, up, 1, -2.4, 2.4, 50, 70, 0, 1, "(0.628408*((1.+(0.576276*x))/(1.+(0.396304*x))))+0.03100409172475338" 
1, mujets, up, 1, -2.4, 2.4, 70, 100, 0, 1, "(0.628408*((1.+(0.576276*x))/(1.+(0.396304*x))))+0.030108468607068062" 
1, mujets, up, 1, -2.4, 2.4, 100, 140, 0, 1, "(0.628408*((1.+(0.576276*x))/(1.+(0.396304*x))))+0.048079650849103928" 
1, mujets, up, 1, -2.4, 2.4, 140, 200, 0, 1, "(0.628408*((1.+(0.576276*x))/(1.+(0.396304*x))))+0.059211321175098419" 
1, mujets, up, 1, -2.4, 2.4, 200, 300, 0, 1, "(0.628408*((1.+(0.576276*x))/(1.+(0.396304*x))))+0.066058672964572906" 
1, mujets, up, 1, -2.4, 2.4, 300, 670, 0, 1, "(0.628408*((1.+(0.576276*x))/(1.+(0.396304*x))))+0.074019312858581543" 
1, mujets, up, 0, -2.4, 2.4, 30, 50, 0, 1, "(0.628408*((1.+(0.576276*x))/(1.+(0.396304*x))))+0.014778987504541874" 
1, mujets, up, 0, -2.4, 2.4, 50, 70, 0, 1, "(0.628408*((1.+(0.576276*x))/(1.+(0.396304*x))))+0.01550204586237669" 
1, mujets, up, 0, -2.4, 2.4, 70, 100, 0, 1, "(0.628408*((1.+(0.576276*x))/(1.+(0.396304*x))))+0.015054234303534031" 
1, mujets, up, 0, -2.4, 2.4, 100, 140, 0, 1, "(0.628408*((1.+(0.576276*x))/(1.+(0.396304*x))))+0.024039825424551964" 
1, mujets, up, 0, -2.4, 2.4, 140, 200, 0, 1, "(0.628408*((1.+(0.576276*x))/(1.+(0.396304*x))))+0.02960566058754921" 
1, mujets, up, 0, -2.4, 2.4, 200, 300, 0, 1, "(0.628408*((1.+(0.576276*x))/(1.+(0.396304*x))))+0.033029336482286453" 
1, mujets, up, 0, -2.4, 2.4, 300, 670, 0, 1, "(0.628408*((1.+(0.576276*x))/(1.+(0.396304*x))))+0.037009656429290771" 
1, mujets, up_correlated, 1, -2.4, 2.4, 30, 50, 0, 1, "(0.628408*((1.+(0.576276*x))/(1.+(0.396304*x))))+0.024336005717077447" 
1, mujets, up_correlated, 1, -2.4, 2.4, 50, 70, 0, 1, "(0.628408*((1.+(0.576276*x))/(1.+(0.396304*x))))+0.028140534891236409" 
1, mujets, up_correlated, 1, -2.4, 2.4, 70, 100, 0, 1, "(0.628408*((1.+(0.576276*x))/(1.+(0.396304*x))))+0.025055810006022246" 
1, mujets, up_correlated, 1, -2.4, 2.4, 100, 140, 0, 1, "(0.628408*((1.+(0.576276*x))/(1.+(0.396304*x))))+0.042799463105476984" 
1, mujets, up_correlated, 1, -2.4, 2.4, 140, 200, 0, 1, "(0.628408*((1.+(0.576276*x))/(1.+(0.396304*x))))+0.05714572355010087" 
1, mujets, up_correlated, 1, -2.4, 2.4, 200, 300, 0, 1, "(0.628408*((1.+(0.576276*x))/(1.+(0.396304*x))))+0.063195846110164072" 
1, mujets, up_correlated, 1, -2.4, 2.4, 300, 670, 0, 1, "(0.628408*((1.+(0.576276*x))/(1.+(0.396304*x))))+0.068128511718282853" 
1, mujets, up_correlated, 0, -2.4, 2.4, 30, 50, 0, 1, "(0.628408*((1.+(0.576276*x))/(1.+(0.396304*x))))+0.012168002858538723" 
1, mujets, up_correlated, 0, -2.4, 2.4, 50, 70, 0, 1, "(0.628408*((1.+(0.576276*x))/(1.+(0.396304*x))))+0.014070267445618205" 
1, mujets, up_correlated, 0, -2.4, 2.4, 70, 100, 0, 1, "(0.628408*((1.+(0.576276*x))/(1.+(0.396304*x))))+0.012527905003011123" 
1, mujets, up_correlated, 0, -2.4, 2.4, 100, 140, 0, 1, "(0.628408*((1.+(0.576276*x))/(1.+(0.396304*x))))+0.021399731552738492" 
1, mujets, up_correlated, 0, -2.4, 2.4, 140, 200, 0, 1, "(0.628408*((1.+(0.576276*x))/(1.+(0.396304*x))))+0.028572861775050435" 
1, mujets, up_correlated, 0, -2.4, 2.4, 200, 300, 0, 1, "(0.628408*((1.+(0.576276*x))/(1.+(0.396304*x))))+0.031597923055082036" 
1, mujets, up_correlated, 0, -2.4, 2.4, 300, 670, 0, 1, "(0.628408*((1.+(0.576276*x))/(1.+(0.396304*x))))+0.034064255859141426" 
1, mujets, up_uncorrelated, 1, -2.4, 2.4, 30, 50, 0, 1, "(0.628408*((1.+(0.576276*x))/(1.+(0.396304*x))))+0.016775956377387047" 
1, mujets, up_uncorrelated, 1, -2.4, 2.4, 50, 70, 0, 1, "(0.628408*((1.+(0.576276*x))/(1.+(0.396304*x))))+0.013013992458581924" 
1, mujets, up_uncorrelated, 1, -2.4, 2.4, 70, 100, 0, 1, "(0.628408*((1.+(0.576276*x))/(1.+(0.396304*x))))+0.016695097088813782" 
1, mujets, up_uncorrelated, 1, -2.4, 2.4, 100, 140, 0, 1, "(0.628408*((1.+(0.576276*x))/(1.+(0.396304*x))))+0.021905679255723953" 
1, mujets, up_uncorrelated, 1, -2.4, 2.4, 140, 200, 0, 1, "(0.628408*((1.+(0.576276*x))/(1.+(0.396304*x))))+0.01550312340259552" 
1, mujets, up_uncorrelated, 1, -2.4, 2.4, 200, 300, 0, 1, "(0.628408*((1.+(0.576276*x))/(1.+(0.396304*x))))+0.019236249849200249" 
1, mujets, up_uncorrelated, 1, -2.4, 2.4, 300, 670, 0, 1, "(0.628408*((1.+(0.576276*x))/(1.+(0.396304*x))))+0.02893725223839283" 
1, mujets, up_uncorrelated, 0, -2.4, 2.4, 30, 50, 0, 1, "(0.628408*((1.+(0.576276*x))/(1.+(0.396304*x))))+0.0083879781886935234" 
1, mujets, up_uncorrelated, 0, -2.4, 2.4, 50, 70, 0, 1, "(0.628408*((1.+(0.576276*x))/(1.+(0.396304*x))))+0.0065069962292909622" 
1, mujets, up_uncorrelated, 0, -2.4, 2.4, 70, 100, 0, 1, "(0.628408*((1.+(0.576276*x))/(1.+(0.396304*x))))+0.0083475485444068909" 
1, mujets, up_uncorrelated, 0, -2.4, 2.4, 100, 140, 0, 1, "(0.628408*((1.+(0.576276*x))/(1.+(0.396304*x))))+0.010952839627861977" 
1, mujets, up_uncorrelated, 0, -2.4, 2.4, 140, 200, 0, 1, "(0.628408*((1.+(0.576276*x))/(1.+(0.396304*x))))+0.00775156170129776" 
1, mujets, up_uncorrelated, 0, -2.4, 2.4, 200, 300, 0, 1, "(0.628408*((1.+(0.576276*x))/(1.+(0.396304*x))))+0.0096181249246001244" 
1, mujets, up_uncorrelated, 0, -2.4, 2.4, 300, 670, 0, 1, "(0.628408*((1.+(0.576276*x))/(1.+(0.396304*x))))+0.014468626119196415" 
2, mujets, central, 1, -2.4, 2.4, 30, 670, 0, 1, "0.850182*((1.+(-(0.000611408*x)))/(1.+(-(0.000654205*x))))" 
2, mujets, central, 0, -2.4, 2.4, 30, 670, 0, 1, "0.850182*((1.+(-(0.000611408*x)))/(1.+(-(0.000654205*x))))" 
2, mujets, down, 1, -2.4, 2.4, 30, 50, 0, 1, "(0.850182*((1.+(-(0.000611408*x)))/(1.+(-(0.000654205*x)))))-0.043876320123672485" 
2, mujets, down, 1, -2.4, 2.4, 50, 70, 0, 1, "(0.850182*((1.+(-(0.000611408*x)))/(1.+(-(0.000654205*x)))))-0.040774840861558914" 
2, mujets, down, 1, -2.4, 2.4, 70, 100, 0, 1, "(0.850182*((1.+(-(0.000611408*x)))/(1.+(-(0.000654205*x)))))-0.054776530712842941" 
2, mujets, down, 1, -2.4, 2.4, 100, 140, 0, 1, "(0.850182*((1.+(-(0.000611408*x)))/(1.+(-(0.000654205*x)))))-0.071831665933132172" 
2, mujets, down, 1, -2.4, 2.4, 140, 200, 0, 1, "(0.850182*((1.+(-(0.000611408*x)))/(1.+(-(0.000654205*x)))))-0.10232068598270416" 
2, mujets, down, 1, -2.4, 2.4, 200, 300, 0, 1, "(0.850182*((1.+(-(0.000611408*x)))/(1.+(-(0.000654205*x)))))-0.094421043992042542" 
2, mujets, down, 1, -2.4, 2.4, 300, 670, 0, 1, "(0.850182*((1.+(-(0.000611408*x)))/(1.+(-(0.000654205*x)))))-0.088257208466529846" 
2, mujets, down, 0, -2.4, 2.4, 30, 50, 0, 1, "(0.850182*((1.+(-(0.000611408*x)))/(1.+(-(0.000654205*x)))))-0.021938160061836243" 
2, mujets, down, 0, -2.4, 2.4, 50, 70, 0, 1, "(0.850182*((1.+(-(0.000611408*x)))/(1.+(-(0.000654205*x)))))-0.020387420430779457" 
2, mujets, down, 0, -2.4, 2.4, 70, 100, 0, 1, "(0.850182*((1.+(-(0.000611408*x)))/(1.+(-(0.000654205*x)))))-0.027388265356421471" 
2, mujets, down, 0, -2.4, 2.4, 100, 140, 0, 1, "(0.850182*((1.+(-(0.000611408*x)))/(1.+(-(0.000654205*x)))))-0.035915832966566086" 
2, mujets, down, 0, -2.4, 2.4, 140, 200, 0, 1, "(0.850182*((1.+(-(0.000611408*x)))/(1.+(-(0.000654205*x)))))-0.051160342991352081" 
2, mujets, down, 0, -2.4, 2.4, 200, 300, 0, 1, "(0.850182*((1.+(-(0.000611408*x)))/(1.+(-(0.000654205*x)))))-0.047210521996021271" 
2, mujets, down, 0, -2.4, 2.4, 300, 670, 0, 1, "(0.850182*((1.+(-(0.000611408*x)))/(1.+(-(0.000654205*x)))))-0.044128604233264923" 
2, mujets, down_correlated, 1, -2.4, 2.4, 30, 50, 0, 1, "(0.850182*((1.+(-(0.000611408*x)))/(1.+(-(0.000654205*x)))))-0.036623334676101876" 
2, mujets, down_correlated, 1, -2.4, 2.4, 50, 70, 0, 1, "(0.850182*((1.+(-(0.000611408*x)))/(1.+(-(0.000654205*x)))))-0.034176928301075583" 
2, mujets, down_correlated, 1, -2.4, 2.4, 70, 100, 0, 1, "(0.850182*((1.+(-(0.000611408*x)))/(1.+(-(0.000654205*x)))))-0.047763525989474268" 
2, mujets, down_correlated, 1, -2.4, 2.4, 100, 140, 0, 1, "(0.850182*((1.+(-(0.000611408*x)))/(1.+(-(0.000654205*x)))))-0.065752207162025705" 
2, mujets, down_correlated, 1, -2.4, 2.4, 140, 200, 0, 1, "(0.850182*((1.+(-(0.000611408*x)))/(1.+(-(0.000654205*x)))))-0.098948276073408073" 
2, mujets, down_correlated, 1, -2.4, 2.4, 200, 300, 0, 1, "(0.850182*((1.+(-(0.000611408*x)))/(1.+(-(0.000654205*x)))))-0.090702853516141449" 
2, mujets, down_correlated, 1, -2.4, 2.4, 300, 670, 0, 1, "(0.850182*((1.+(-(0.000611408*x)))/(1.+(-(0.000654205*x)))))-0.079545612169387006" 
2, mujets, down_correlated, 0, -2.4, 2.4, 30, 50, 0, 1, "(0.850182*((1.+(-(0.000611408*x)))/(1.+(-(0.000654205*x)))))-0.018311667338050938" 
2, mujets, down_correlated, 0, -2.4, 2.4, 50, 70, 0, 1, "(0.850182*((1.+(-(0.000611408*x)))/(1.+(-(0.000654205*x)))))-0.017088464150537792" 
2, mujets, down_correlated, 0, -2.4, 2.4, 70, 100, 0, 1, "(0.850182*((1.+(-(0.000611408*x)))/(1.+(-(0.000654205*x)))))-0.023881762994737134" 
2, mujets, down_correlated, 0, -2.4, 2.4, 100, 140, 0, 1, "(0.850182*((1.+(-(0.000611408*x)))/(1.+(-(0.000654205*x)))))-0.032876103581012853" 
2, mujets, down_correlated, 0, -2.4, 2.4, 140, 200, 0, 1, "(0.850182*((1.+(-(0.000611408*x)))/(1.+(-(0.000654205*x)))))-0.049474138036704036" 
2, mujets, down_correlated, 0, -2.4, 2.4, 200, 300, 0, 1, "(0.850182*((1.+(-(0.000611408*x)))/(1.+(-(0.000654205*x)))))-0.045351426758070724" 
2, mujets, down_correlated, 0, -2.4, 2.4, 300, 670, 0, 1, "(0.850182*((1.+(-(0.000611408*x)))/(1.+(-(0.000654205*x)))))-0.039772806084693503" 
2, mujets, down_uncorrelated, 1, -2.4, 2.4, 30, 50, 0, 1, "(0.850182*((1.+(-(0.000611408*x)))/(1.+(-(0.000654205*x)))))-0.024163253605365753" 
2, mujets, down_uncorrelated, 1, -2.4, 2.4, 50, 70, 0, 1, "(0.850182*((1.+(-(0.000611408*x)))/(1.+(-(0.000654205*x)))))-0.022237922996282578" 
2, mujets, down_uncorrelated, 1, -2.4, 2.4, 70, 100, 0, 1, "(0.850182*((1.+(-(0.000611408*x)))/(1.+(-(0.000654205*x)))))-0.026816299185156822" 
2, mujets, down_uncorrelated, 1, -2.4, 2.4, 100, 140, 0, 1, "(0.850182*((1.+(-(0.000611408*x)))/(1.+(-(0.000654205*x)))))-0.02892119437456131" 
2, mujets, down_uncorrelated, 1, -2.4, 2.4, 140, 200, 0, 1, "(0.850182*((1.+(-(0.000611408*x)))/(1.+(-(0.000654205*x)))))-0.02605305053293705" 
2, mujets, down_uncorrelated, 1, -2.4, 2.4, 200, 300, 0, 1, "(0.850182*((1.+(-(0.000611408*x)))/(1.+(-(0.000654205*x)))))-0.026235966011881828" 
2, mujets, down_uncorrelated, 1, -2.4, 2.4, 300, 670, 0, 1, "(0.850182*((1.+(-(0.000611408*x)))/(1.+(-(0.000654205*x)))))-0.038233891129493713" 
2, mujets, down_uncorrelated, 0, -2.4, 2.4, 30, 50, 0, 1, "(0.850182*((1.+(-(0.000611408*x)))/(1.+(-(0.000654205*x)))))-0.012081626802682877" 
2, mujets, down_uncorrelated, 0, -2.4, 2.4, 50, 70, 0, 1, "(0.850182*((1.+(-(0.000611408*x)))/(1.+(-(0.000654205*x)))))-0.011118961498141289" 
2, mujets, down_uncorrelated, 0, -2.4, 2.4, 70, 100, 0, 1, "(0.850182*((1.+(-(0.000611408*x)))/(1.+(-(0.000654205*x)))))-0.013408149592578411" 
2, mujets, down_uncorrelated, 0, -2.4, 2.4, 100, 140, 0, 1, "(0.850182*((1.+(-(0.000611408*x)))/(1.+(-(0.000654205*x)))))-0.014460597187280655" 
2, mujets, down_uncorrelated, 0, -2.4, 2.4, 140, 200, 0, 1, "(0.850182*((1.+(-(0.000611408*x)))/(1.+(-(0.000654205*x)))))-0.013026525266468525" 
2, mujets, down_uncorrelated, 0, -2.4, 2.4, 200, 300, 0, 1, "(0.850182*((1.+(-(0.000611408*x)))/(1.+(-(0.000654205*x)))))-0.013117983005940914" 
2, mujets, down_uncorrelated, 0, -2.4, 2.4, 300, 670, 0, 1, "(0.850182*((1.+(-(0.000611408*x)))/(1.+(-(0.000654205*x)))))-0.019116945564746857" 
2, mujets, up, 1, -2.4, 2.4, 30, 50, 0, 1, "(0.850182*((1.+(-(0.000611408*x)))/(1.+(-(0.000654205*x)))))+0.043876320123672485" 
2, mujets, up, 1, -2.4, 2.4, 50, 70, 0, 1, "(0.850182*((1.+(-(0.000611408*x)))/(1.+(-(0.000654205*x)))))+0.040774840861558914" 
2, mujets, up, 1, -2.4, 2.4, 70, 100, 0, 1, "(0.850182*((1.+(-(0.000611408*x)))/(1.+(-(0.000654205*x)))))+0.054776530712842941" 
2, mujets, up, 1, -2.4, 2.4, 100, 140, 0, 1, "(0.850182*((1.+(-(0.000611408*x)))/(1.+(-(0.000654205*x)))))+0.071831665933132172" 
2, mujets, up, 1, -2.4, 2.4, 140, 200, 0, 1, "(0.850182*((1.+(-(0.000611408*x)))/(1.+(-(0.000654205*x)))))+0.10232068598270416" 
2, mujets, up, 1, -2.4, 2.4, 200, 300, 0, 1, "(0.850182*((1.+(-(0.000611408*x)))/(1.+(-(0.000654205*x)))))+0.094421043992042542" 
2, mujets, up, 1, -2.4, 2.4, 300, 670, 0, 1, "(0.850182*((1.+(-(0.000611408*x)))/(1.+(-(0.000654205*x)))))+0.088257208466529846" 
2, mujets, up, 0, -2.4, 2.4, 30, 50, 0, 1, "(0.850182*((1.+(-(0.000611408*x)))/(1.+(-(0.000654205*x)))))+0.021938160061836243" 
2, mujets, up, 0, -2.4, 2.4, 50, 70, 0, 1, "(0.850182*((1.+(-(0.000611408*x)))/(1.+(-(0.000654205*x)))))+0.020387420430779457" 
2, mujets, up, 0, -2.4, 2.4, 70, 100, 0, 1, "(0.850182*((1.+(-(0.000611408*x)))/(1.+(-(0.000654205*x)))))+0.027388265356421471" 
2, mujets, up, 0, -2.4, 2.4, 100, 140, 0, 1, "(0.850182*((1.+(-(0.000611408*x)))/(1.+(-(0.000654205*x)))))+0.035915832966566086" 
2, mujets, up, 0, -2.4, 2.4, 140, 200, 0, 1, "(0.850182*((1.+(-(0.000611408*x)))/(1.+(-(0.000654205*x)))))+0.051160342991352081" 
2, mujets, up, 0, -2.4, 2.4, 200, 300, 0, 1, "(0.850182*((1.+(-(0.000611408*x)))/(1.+(-(0.000654205*x)))))+0.047210521996021271" 
2, mujets, up, 0, -2.4, 2.4, 300, 670, 0, 1, "(0.850182*((1.+(-(0.000611408*x)))/(1.+(-(0.000654205*x)))))+0.044128604233264923" 
2, mujets, up_correlated, 1, -2.4, 2.4, 30, 50, 0, 1, "(0.850182*((1.+(-(0.000611408*x)))/(1.+(-(0.000654205*x)))))+0.036623334676101876" 
2, mujets, up_correlated, 1, -2.4, 2.4, 50, 70, 0, 1, "(0.850182*((1.+(-(0.000611408*x)))/(1.+(-(0.000654205*x)))))+0.034176928301075583" 
2, mujets, up_correlated, 1, -2.4, 2.4, 70, 100, 0, 1, "(0.850182*((1.+(-(0.000611408*x)))/(1.+(-(0.000654205*x)))))+0.047763525989474268" 
2, mujets, up_correlated, 1, -2.4, 2.4, 100, 140, 0, 1, "(0.850182*((1.+(-(0.000611408*x)))/(1.+(-(0.000654205*x)))))+0.065752207162025705" 
2, mujets, up_correlated, 1, -2.4, 2.4, 140, 200, 0, 1, "(0.850182*((1.+(-(0.000611408*x)))/(1.+(-(0.000654205*x)))))+0.098948276073408073" 
2, mujets, up_correlated, 1, -2.4, 2.4, 200, 300, 0, 1, "(0.850182*((1.+(-(0.000611408*x)))/(1.+(-(0.000654205*x)))))+0.090702853516141449" 
2, mujets, up_correlated, 1, -2.4, 2.4, 300, 670, 0, 1, "(0.850182*((1.+(-(0.000611408*x)))/(1.+(-(0.000654205*x)))))+0.079545612169387006" 
2, mujets, up_correlated, 0, -2.4, 2.4, 30, 50, 0, 1, "(0.850182*((1.+(-(0.000611408*x)))/(1.+(-(0.000654205*x)))))+0.018311667338050938" 
2, mujets, up_correlated, 0, -2.4, 2.4, 50, 70, 0, 1, "(0.850182*((1.+(-(0.000611408*x)))/(1.+(-(0.000654205*x)))))+0.017088464150537792" 
2, mujets, up_correlated, 0, -2.4, 2.4, 70, 100, 0, 1, "(0.850182*((1.+(-(0.000611408*x)))/(1.+(-(0.000654205*x)))))+0.023881762994737134" 
2, mujets, up_correlated, 0, -2.4, 2.4, 100, 140, 0, 1, "(0.850182*((1.+(-(0.000611408*x)))/(1.+(-(0.000654205*x)))))+0.032876103581012853" 
2, mujets, up_correlated, 0, -2.4, 2.4, 140, 200, 0, 1, "(0.850182*((1.+(-(0.000611408*x)))/(1.+(-(0.000654205*x)))))+0.049474138036704036" 
2, mujets, up_correlated, 0, -2.4, 2.4, 200, 300, 0, 1, "(0.850182*((1.+(-(0.000611408*x)))/(1.+(-(0.000654205*x)))))+0.045351426758070724" 
2, mujets, up_correlated, 0, -2.4, 2.4, 300, 670, 0, 1, "(0.850182*((1.+(-(0.000611408*x)))/(1.+(-(0.000654205*x)))))+0.039772806084693503" 
2, mujets, up_uncorrelated, 1, -2.4, 2.4, 30, 50, 0, 1, "(0.850182*((1.+(-(0.000611408*x)))/(1.+(-(0.000654205*x)))))+0.024163253605365753" 
2, mujets, up_uncorrelated, 1, -2.4, 2.4, 50, 70, 0, 1, "(0.850182*((1.+(-(0.000611408*x)))/(1.+(-(0.000654205*x)))))+0.022237922996282578" 
2, mujets, up_uncorrelated, 1, -2.4, 2.4, 70, 100, 0, 1, "(0.850182*((1.+(-(0.000611408*x)))/(1.+(-(0.000654205*x)))))+0.026816299185156822" 
2, mujets, up_uncorrelated, 1, -2.4, 2.4, 100, 140, 0, 1, "(0.850182*((1.+(-(0.000611408*x)))/(1.+(-(0.000654205*x)))))+0.02892119437456131" 
2, mujets, up_uncorrelated, 1, -2.4, 2.4, 140, 200, 0, 1, "(0.850182*((1.+(-(0.000611408*x)))/(1.+(-(0.000654205*x)))))+0.02605305053293705" 
2, mujets, up_uncorrelated, 1, -2.4, 2.4, 200, 300, 0, 1, "(0.850182*((1.+(-(0.000611408*x)))/(1.+(-(0.000654205*x)))))+0.026235966011881828" 
2, mujets, up_uncorrelated, 1, -2.4, 2.4, 300, 670, 0, 1, "(0.850182*((1.+(-(0.000611408*x)))/(1.+(-(0.000654205*x)))))+0.038233891129493713" 
2, mujets, up_uncorrelated, 0, -2.4, 2.4, 30, 50, 0, 1, "(0.850182*((1.+(-(0.000611408*x)))/(1.+(-(0.000654205*x)))))+0.012081626802682877" 
2, mujets, up_uncorrelated, 0, -2.4, 2.4, 50, 70, 0, 1, "(0.850182*((1.+(-(0.000611408*x)))/(1.+(-(0.000654205*x)))))+0.011118961498141289" 
2, mujets, up_uncorrelated, 0, -2.4, 2.4, 70, 100, 0, 1, "(0.850182*((1.+(-(0.000611408*x)))/(1.+(-(0.000654205*x)))))+0.013408149592578411" 
2, mujets, up_uncorrelated, 0, -2.4, 2.4, 100, 140, 0, 1, "(0.850182*((1.+(-(0.000611408*x)))/(1.+(-(0.000654205*x)))))+0.014460597187280655" 
2, mujets, up_uncorrelated, 0, -2.4, 2.4, 140, 200, 0, 1, "(0.850182*((1.+(-(0.000611408*x)))/(1.+(-(0.000654205*x)))))+0.013026525266468525" 
2, mujets, up_uncorrelated, 0, -2.4, 2.4, 200, 300, 0, 1, "(0.850182*((1.+(-(0.000611408*x)))/(1.+(-(0.000654205*x)))))+0.013117983005940914" 
2, mujets, up_uncorrelated, 0, -2.4, 2.4, 300, 670, 0, 1, "(0.850182*((1.+(-(0.000611408*x)))/(1.+(-(0.000654205*x)))))+0.019116945564746857" 
0, comb, central, 1, -2.4, 2.4, 30, 670, 0, 1, "0.931535+(1.40704e-05*x)" 
0, comb, central, 0, -2.4, 2.4, 30, 670, 0, 1, "0.931535+(1.40704e-05*x)" 
0, comb, down, 1, -2.4, 2.4, 30, 50, 0, 1, "0.931535+((1.40704e-05*x)-0.01710829883813858)" 
0, comb, down, 1, -2.4, 2.4, 50, 70, 0, 1, "0.931535+((1.40704e-05*x)-0.020177565515041351)" 
0, comb, down, 1, -2.4, 2.4, 70, 100, 0, 1, "0.931535+((1.40704e-05*x)-0.019350524991750717)" 
0, comb, down, 1, -2.4, 2.4, 100, 140, 0, 1, "0.931535+((1.40704e-05*x)-0.027258865535259247)" 
0, comb, down, 1, -2.4, 2.4, 140, 200, 0, 1, "0.931535+((1.40704e-05*x)-0.027310512959957123)" 
0, comb, down, 1, -2.4, 2.4, 200, 300, 0, 1, "0.931535+((1.40704e-05*x)-0.039027795195579529)" 
0, comb, down, 1, -2.4, 2.4, 300, 670, 0, 1, "0.931535+((1.40704e-05*x)-0.089093379676342122)" 
0, comb, down, 0, -2.4, 2.4, 30, 50, 0, 1, "0.931535+((1.40704e-05*x)-0.0085541494190692902)" 
0, comb, down, 0, -2.4, 2.4, 50, 70, 0, 1, "0.931535+((1.40704e-05*x)-0.010088782757520676)" 
0, comb, down, 0, -2.4, 2.4, 70, 100, 0, 1, "0.931535+((1.40704e-05*x)-0.0096752624958753586)" 
0, comb, down, 0, -2.4, 2.4, 100, 140, 0, 1, "0.931535+((1.40704e-05*x)-0.013629432767629623)" 
0, comb, down, 0, -2.4, 2.4, 140, 200, 0, 1, "0.931535+((1.40704e-05*x)-0.013655256479978561)" 
0, comb, down, 0, -2.4, 2.4, 200, 300, 0, 1, "0.931535+((1.40704e-05*x)-0.019513897597789764)" 
0, comb, down, 0, -2.4, 2.4, 300, 670, 0, 1, "0.931535+((1.40704e-05*x)-0.044546689838171005)" 
0, comb, down_correlated, 1, -2.4, 2.4, 30, 50, 0, 1, "0.931535+((1.40704e-05*x)-0.01361542820326489)" 
0, comb, down_correlated, 1, -2.4, 2.4, 50, 70, 0, 1, "0.931535+((1.40704e-05*x)-0.017464422323520436)" 
0, comb, down_correlated, 1, -2.4, 2.4, 70, 100, 0, 1, "0.931535+((1.40704e-05*x)-0.016481366145054081)" 
0, comb, down_correlated, 1, -2.4, 2.4, 100, 140, 0, 1, "0.931535+((1.40704e-05*x)-0.024408712467312757)" 
0, comb, down_correlated, 1, -2.4, 2.4, 140, 200, 0, 1, "0.931535+((1.40704e-05*x)-0.025431859884798541)" 
0, comb, down_correlated, 1, -2.4, 2.4, 200, 300, 0, 1, "0.931535+((1.40704e-05*x)-0.037114646665829795)" 
0, comb, down_correlated, 1, -2.4, 2.4, 300, 670, 0, 1, "0.931535+((1.40704e-05*x)-0.085495909916035354)" 
0, comb, down_correlated, 0, -2.4, 2.4, 30, 50, 0, 1, "0.931535+((1.40704e-05*x)-0.0068077141016324449)" 
0, comb, down_correlated, 0, -2.4, 2.4, 50, 70, 0, 1, "0.931535+((1.40704e-05*x)-0.0087322111617602182)" 
0, comb, down_correlated, 0, -2.4, 2.4, 70, 100, 0, 1, "0.931535+((1.40704e-05*x)-0.0082406830725270403)" 
0, comb, down_correlated, 0, -2.4, 2.4, 100, 140, 0, 1, "0.931535+((1.40704e-05*x)-0.012204356233656379)" 
0, comb, down_correlated, 0, -2.4, 2.4, 140, 200, 0, 1, "0.931535+((1.40704e-05*x)-0.012715929942399271)" 
0, comb, down_correlated, 0, -2.4, 2.4, 200, 300, 0, 1, "0.931535+((1.40704e-05*x)-0.018557323332914898)" 
0, comb, down_correlated, 0, -2.4, 2.4, 300, 670, 0, 1, "0.931535+((1.40704e-05*x)-0.042747954958017621)" 
0, comb, down_uncorrelated, 1, -2.4, 2.4, 30, 50, 0, 1, "0.931535+((1.40704e-05*x)-0.010359247268831501)" 
0, comb, down_uncorrelated, 1, -2.4, 2.4, 50, 70, 0, 1, "0.931535+((1.40704e-05*x)-0.010105844992849784)" 
0, comb, down_uncorrelated, 1, -2.4, 2.4, 70, 100, 0, 1, "0.931535+((1.40704e-05*x)-0.010139397785324052)" 
0, comb, down_uncorrelated, 1, -2.4, 2.4, 100, 140, 0, 1, "0.931535+((1.40704e-05*x)-0.012135093982223427)" 
0, comb, down_uncorrelated, 1, -2.4, 2.4, 140, 200, 0, 1, "0.931535+((1.40704e-05*x)-0.0099541258248005225)" 
0, comb, down_uncorrelated, 1, -2.4, 2.4, 200, 300, 0, 1, "0.931535+((1.40704e-05*x)-0.0120694573489743)" 
0, comb, down_uncorrelated, 1, -2.4, 2.4, 300, 670, 0, 1, "0.931535+((1.40704e-05*x)-0.025061518106092834)" 
0, comb, down_uncorrelated, 0, -2.4, 2.4, 30, 50, 0, 1, "0.931535+((1.40704e-05*x)-0.0051796236344157504)" 
0, comb, down_uncorrelated, 0, -2.4, 2.4, 50, 70, 0, 1, "0.931535+((1.40704e-05*x)-0.0050529224964248921)" 
0, comb, down_uncorrelated, 0, -2.4, 2.4, 70, 100, 0, 1, "0.931535+((1.40704e-05*x)-0.005069698892662026)" 
0, comb, down_uncorrelated, 0, -2.4, 2.4, 100, 140, 0, 1, "0.931535+((1.40704e-05*x)-0.0060675469911117136)" 
0, comb, down_uncorrelated, 0, -2.4, 2.4, 140, 200, 0, 1, "0.931535+((1.40704e-05*x)-0.0049770629124002612)" 
0, comb, down_uncorrelated, 0, -2.4, 2.4, 200, 300, 0, 1, "0.931535+((1.40704e-05*x)-0.0060347286744871498)" 
0, comb, down_uncorrelated, 0, -2.4, 2.4, 300, 670, 0, 1, "0.931535+((1.40704e-05*x)-0.012530759053046417)" 
0, comb, up, 1, -2.4, 2.4, 30, 50, 0, 1, "(0.931535+(1.40704e-05*x))+0.01710829883813858" 
0, comb, up, 1, -2.4, 2.4, 50, 70, 0, 1, "(0.931535+(1.40704e-05*x))+0.020177565515041351" 
0, comb, up, 1, -2.4, 2.4, 70, 100, 0, 1, "(0.931535+(1.40704e-05*x))+0.019350524991750717" 
0, comb, up, 1, -2.4, 2.4, 100, 140, 0, 1, "(0.931535+(1.40704e-05*x))+0.027258865535259247" 
0, comb, up, 1, -2.4, 2.4, 140, 200, 0, 1, "(0.931535+(1.40704e-05*x))+0.027310512959957123" 
0, comb, up, 1, -2.4, 2.4, 200, 300, 0, 1, "(0.931535+(1.40704e-05*x))+0.039027795195579529" 
0, comb, up, 1, -2.4, 2.4, 300, 670, 0, 1, "(0.931535+(1.40704e-05*x))+0.089093379676342122" 
0, comb, up, 0, -2.4, 2.4, 30, 50, 0, 1, "(0.931535+(1.40704e-05*x))+0.0085541494190692902" 
0, comb, up, 0, -2.4, 2.4, 50, 70, 0, 1, "(0.931535+(1.40704e-05*x))+0.010088782757520676" 
0, comb, up, 0, -2.4, 2.4, 70, 100, 0, 1, "(0.931535+(1.40704e-05*x))+0.0096752624958753586" 
0, comb, up, 0, -2.4, 2.4, 100, 140, 0, 1, "(0.931535+(1.40704e-05*x))+0.013629432767629623" 
0, comb, up, 0, -2.4, 2.4, 140, 200, 0, 1, "(0.931535+(1.40704e-05*x))+0.013655256479978561" 
0, comb, up, 0, -2.4, 2.4, 200, 300, 0, 1, "(0.931535+(1.40704e-05*x))+0.019513897597789764" 
0, comb, up, 0, -2.4, 2.4, 300, 670, 0, 1, "(0.931535+(1.40704e-05*x))+0.044546689838171005" 
0, comb, up_correlated, 1, -2.4, 2.4, 30, 50, 0, 1, "(0.931535+(1.40704e-05*x))+0.01361542820326489" 
0, comb, up_correlated, 1, -2.4, 2.4, 50, 70, 0, 1, "(0.931535+(1.40704e-05*x))+0.017464422323520436" 
0, comb, up_correlated, 1, -2.4, 2.4, 70, 100, 0, 1, "(0.931535+(1.40704e-05*x))+0.016481366145054081" 
0, comb, up_correlated, 1, -2.4, 2.4, 100, 140, 0, 1, "(0.931535+(1.40704e-05*x))+0.024408712467312757" 
0, comb, up_correlated, 1, -2.4, 2.4, 140, 200, 0, 1, "(0.931535+(1.40704e-05*x))+0.025431859884798541" 
0, comb, up_correlated, 1, -2.4, 2.4, 200, 300, 0, 1, "(0.931535+(1.40704e-05*x))+0.037114646665829795" 
0, comb, up_correlated, 1, -2.4, 2.4, 300, 670, 0, 1, "(0.931535+(1.40704e-05*x))+0.085495909916035354" 
0, comb, up_correlated, 0, -2.4, 2.4, 30, 50, 0, 1, "(0.931535+(1.40704e-05*x))+0.0068077141016324449" 
0, comb, up_correlated, 0, -2.4, 2.4, 50, 70, 0, 1, "(0.931535+(1.40704e-05*x))+0.0087322111617602182" 
0, comb, up_correlated, 0, -2.4, 2.4, 70, 100, 0, 1, "(0.931535+(1.40704e-05*x))+0.0082406830725270403" 
0, comb, up_correlated, 0, -2.4, 2.4, 100, 140, 0, 1, "(0.931535+(1.40704e-05*x))+0.012204356233656379" 
0, comb, up_correlated, 0, -2.4, 2.4, 140, 200, 0, 1, "(0.931535+(1.40704e-05*x))+0.012715929942399271" 
0, comb, up_correlated, 0, -2.4, 2.4, 200, 300, 0, 1, "(0.931535+(1.40704e-05*x))+0.018557323332914898" 
0, comb, up_correlated, 0, -2.4, 2.4, 300, 670, 0, 1, "(0.931535+(1.40704e-05*x))+0.042747954958017621" 
0, comb, up_uncorrelated, 1, -2.4, 2.4, 30, 50, 0, 1, "(0.931535+(1.40704e-05*x))+0.010359247268831501" 
0, comb, up_uncorrelated, 1, -2.4, 2.4, 50, 70, 0, 1, "(0.931535+(1.40704e-05*x))+0.010105844992849784" 
0, comb, up_uncorrelated, 1, -2.4, 2.4, 70, 100, 0, 1, "(0.931535+(1.40704e-05*x))+0.010139397785324052" 
0, comb, up_uncorrelated, 1, -2.4, 2.4, 100, 140, 0, 1, "(0.931535+(1.40704e-05*x))+0.012135093982223427" 
0, comb, up_uncorrelated, 1, -2.4, 2.4, 140, 200, 0, 1, "(0.931535+(1.40704e-05*x))+0.0099541258248005225" 
0, comb, up_uncorrelated, 1, -2.4, 2.4, 200, 300, 0, 1, "(0.931535+(1.40704e-05*x))+0.0120694573489743" 
0, comb, up_uncorrelated, 1, -2.4, 2.4, 300, 670, 0, 1, "(0.931535+(1.40704e-05*x))+0.025061518106092834" 
0, comb, up_uncorrelated, 0, -2.4, 2.4, 30, 50, 0, 1, "(0.931535+(1.40704e-05*x))+0.0051796236344157504" 
0, comb, up_uncorrelated, 0, -2.4, 2.4, 50, 70, 0, 1, "(0.931535+(1.40704e-05*x))+0.0050529224964248921" 
0, comb, up_uncorrelated, 0, -2.4, 2.4, 70, 100, 0, 1, "(0.931535+(1.40704e-05*x))+0.005069698892662026" 
0, comb, up_uncorrelated, 0, -2.4, 2.4, 100, 140, 0, 1, "(0.931535+(1.40704e-05*x))+0.0060675469911117136" 
0, comb, up_uncorrelated, 0, -2.4, 2.4, 140, 200, 0, 1, "(0.931535+(1.40704e-05*x))+0.0049770629124002612" 
0, comb, up_uncorrelated, 0, -2.4, 2.4, 200, 300, 0, 1, "(0.931535+(1.40704e-05*x))+0.0060347286744871498" 
0, comb, up_uncorrelated, 0, -2.4, 2.4, 300, 670, 0, 1, "(0.931535+(1.40704e-05*x))+0.012530759053046417" 
1, comb, central, 1, -2.4, 2.4, 30, 670, 0, 1, "0.901114+(1.32145e-05*x)" 
1, comb, central, 0, -2.4, 2.4, 30, 670, 0, 1, "0.901114+(1.32145e-05*x)" 
1, comb, down, 1, -2.4, 2.4, 30, 50, 0, 1, "0.901114+((1.32145e-05*x)-0.023258373141288757)" 
1, comb, down, 1, -2.4, 2.4, 50, 70, 0, 1, "0.901114+((1.32145e-05*x)-0.023003481328487396)" 
1, comb, down, 1, -2.4, 2.4, 70, 100, 0, 1, "0.901114+((1.32145e-05*x)-0.022424774244427681)" 
1, comb, down, 1, -2.4, 2.4, 100, 140, 0, 1, "0.901114+((1.32145e-05*x)-0.032237973064184189)" 
1, comb, down, 1, -2.4, 2.4, 140, 200, 0, 1, "0.901114+((1.32145e-05*x)-0.033661492168903351)" 
1, comb, down, 1, -2.4, 2.4, 200, 300, 0, 1, "0.901114+((1.32145e-05*x)-0.064984261989593506)" 
1, comb, down, 1, -2.4, 2.4, 300, 670, 0, 1, "0.901114+((1.32145e-05*x)-0.072893746197223663)" 
1, comb, down, 0, -2.4, 2.4, 30, 50, 0, 1, "0.901114+((1.32145e-05*x)-0.011629186570644379)" 
1, comb, down, 0, -2.4, 2.4, 50, 70, 0, 1, "0.901114+((1.32145e-05*x)-0.011501740664243698)" 
1, comb, down, 0, -2.4, 2.4, 70, 100, 0, 1, "0.901114+((1.32145e-05*x)-0.01121238712221384)" 
1, comb, down, 0, -2.4, 2.4, 100, 140, 0, 1, "0.901114+((1.32145e-05*x)-0.016118986532092094)" 
1, comb, down, 0, -2.4, 2.4, 140, 200, 0, 1, "0.901114+((1.32145e-05*x)-0.016830746084451675)" 
1, comb, down, 0, -2.4, 2.4, 200, 300, 0, 1, "0.901114+((1.32145e-05*x)-0.032492130994796753)" 
1, comb, down, 0, -2.4, 2.4, 300, 670, 0, 1, "0.901114+((1.32145e-05*x)-0.036446873098611832)" 
1, comb, down_correlated, 1, -2.4, 2.4, 30, 50, 0, 1, "0.901114+((1.32145e-05*x)-0.019872868889514284)" 
1, comb, down_correlated, 1, -2.4, 2.4, 50, 70, 0, 1, "0.901114+((1.32145e-05*x)-0.020864318898526697)" 
1, comb, down_correlated, 1, -2.4, 2.4, 70, 100, 0, 1, "0.901114+((1.32145e-05*x)-0.01965359826931137)" 
1, comb, down_correlated, 1, -2.4, 2.4, 100, 140, 0, 1, "0.901114+((1.32145e-05*x)-0.029161038944164337)" 
1, comb, down_correlated, 1, -2.4, 2.4, 140, 200, 0, 1, "0.901114+((1.32145e-05*x)-0.029753893256760058)" 
1, comb, down_correlated, 1, -2.4, 2.4, 200, 300, 0, 1, "0.901114+((1.32145e-05*x)-0.062059165770150387)" 
1, comb, down_correlated, 1, -2.4, 2.4, 300, 670, 0, 1, "0.901114+((1.32145e-05*x)-0.066894065098244734)" 
1, comb, down_correlated, 0, -2.4, 2.4, 30, 50, 0, 1, "0.901114+((1.32145e-05*x)-0.0099364344447571418)" 
1, comb, down_correlated, 0, -2.4, 2.4, 50, 70, 0, 1, "0.901114+((1.32145e-05*x)-0.010432159449263349)" 
1, comb, down_correlated, 0, -2.4, 2.4, 70, 100, 0, 1, "0.901114+((1.32145e-05*x)-0.0098267991346556848)" 
1, comb, down_correlated, 0, -2.4, 2.4, 100, 140, 0, 1, "0.901114+((1.32145e-05*x)-0.014580519472082169)" 
1, comb, down_correlated, 0, -2.4, 2.4, 140, 200, 0, 1, "0.901114+((1.32145e-05*x)-0.014876946628380029)" 
1, comb, down_correlated, 0, -2.4, 2.4, 200, 300, 0, 1, "0.901114+((1.32145e-05*x)-0.031029582885075194)" 
1, comb, down_correlated, 0, -2.4, 2.4, 300, 670, 0, 1, "0.901114+((1.32145e-05*x)-0.033447032549122367)" 
1, comb, down_uncorrelated, 1, -2.4, 2.4, 30, 50, 0, 1, "0.901114+((1.32145e-05*x)-0.012083915064233017)" 
1, comb, down_uncorrelated, 1, -2.4, 2.4, 50, 70, 0, 1, "0.901114+((1.32145e-05*x)-0.0096871229026295521)" 
1, comb, down_uncorrelated, 1, -2.4, 2.4, 70, 100, 0, 1, "0.901114+((1.32145e-05*x)-0.0107984524345884)" 
1, comb, down_uncorrelated, 1, -2.4, 2.4, 100, 140, 0, 1, "0.901114+((1.32145e-05*x)-0.01374484321423843)" 
1, comb, down_uncorrelated, 1, -2.4, 2.4, 140, 200, 0, 1, "0.901114+((1.32145e-05*x)-0.015741724527588135)" 
1, comb, down_uncorrelated, 1, -2.4, 2.4, 200, 300, 0, 1, "0.901114+((1.32145e-05*x)-0.019277298831660041)" 
1, comb, down_uncorrelated, 1, -2.4, 2.4, 300, 670, 0, 1, "0.901114+((1.32145e-05*x)-0.028960011900844507)" 
1, comb, down_uncorrelated, 0, -2.4, 2.4, 30, 50, 0, 1, "0.901114+((1.32145e-05*x)-0.0060419575321165086)" 
1, comb, down_uncorrelated, 0, -2.4, 2.4, 50, 70, 0, 1, "0.901114+((1.32145e-05*x)-0.004843561451314776)" 
1, comb, down_uncorrelated, 0, -2.4, 2.4, 70, 100, 0, 1, "0.901114+((1.32145e-05*x)-0.0053992262172942)" 
1, comb, down_uncorrelated, 0, -2.4, 2.4, 100, 140, 0, 1, "0.901114+((1.32145e-05*x)-0.0068724216071192152)" 
1, comb, down_uncorrelated, 0, -2.4, 2.4, 140, 200, 0, 1, "0.901114+((1.32145e-05*x)-0.0078708622637940675)" 
1, comb, down_uncorrelated, 0, -2.4, 2.4, 200, 300, 0, 1, "0.901114+((1.32145e-05*x)-0.0096386494158300206)" 
1, comb, down_uncorrelated, 0, -2.4, 2.4, 300, 670, 0, 1, "0.901114+((1.32145e-05*x)-0.014480005950422254)" 
1, comb, up, 1, -2.4, 2.4, 30, 50, 0, 1, "(0.901114+(1.32145e-05*x))+0.023258373141288757" 
1, comb, up, 1, -2.4, 2.4, 50, 70, 0, 1, "(0.901114+(1.32145e-05*x))+0.023003481328487396" 
1, comb, up, 1, -2.4, 2.4, 70, 100, 0, 1, "(0.901114+(1.32145e-05*x))+0.022424774244427681" 
1, comb, up, 1, -2.4, 2.4, 100, 140, 0, 1, "(0.901114+(1.32145e-05*x))+0.032237973064184189" 
1, comb, up, 1, -2.4, 2.4, 140, 200, 0, 1, "(0.901114+(1.32145e-05*x))+0.033661492168903351" 
1, comb, up, 1, -2.4, 2.4, 200, 300, 0, 1, "(0.901114+(1.32145e-05*x))+0.064984261989593506" 
1, comb, up, 1, -2.4, 2.4, 300, 670, 0, 1, "(0.901114+(1.32145e-05*x))+0.072893746197223663" 
1, comb, up, 0, -2.4, 2.4, 30, 50, 0, 1, "(0.901114+(1.32145e-05*x))+0.011629186570644379" 
1, comb, up, 0, -2.4, 2.4, 50, 70, 0, 1, "(0.901114+(1.32145e-05*x))+0.011501740664243698" 
1, comb, up, 0, -2.4, 2.4, 70, 100, 0, 1, "(0.901114+(1.32145e-05*x))+0.01121238712221384" 
1, comb, up, 0, -2.4, 2.4, 100, 140, 0, 1, "(0.901114+(1.32145e-05*x))+0.016118986532092094" 
1, comb, up, 0, -2.4, 2.4, 140, 200, 0, 1, "(0.901114+(1.32145e-05*x))+0.016830746084451675" 
1, comb, up, 0, -2.4, 2.4, 200, 300, 0, 1, "(0.901114+(1.32145e-05*x))+0.032492130994796753" 
1, comb, up, 0, -2.4, 2.4, 300, 670, 0, 1, "(0.901114+(1.32145e-05*x))+0.036446873098611832" 
1, comb, up_correlated, 1, -2.4, 2.4, 30, 50, 0, 1, "(0.901114+(1.32145e-05*x))+0.019872868889514284" 
1, comb, up_correlated, 1, -2.4, 2.4, 50, 70, 0, 1, "(0.901114+(1.32145e-05*x))+0.020864318898526697" 
1, comb, up_correlated, 1, -2.4, 2.4, 70, 100, 0, 1, "(0.901114+(1.32145e-05*x))+0.01965359826931137" 
1, comb, up_correlated, 1, -2.4, 2.4, 100, 140, 0, 1, "(0.901114+(1.32145e-05*x))+0.029161038944164337" 
1, comb, up_correlated, 1, -2.4, 2.4, 140, 200, 0, 1, "(0.901114+(1.32145e-05*x))+0.029753893256760058" 
1, comb, up_correlated, 1, -2.4, 2.4, 200, 300, 0, 1, "(0.901114+(1.32145e-05*x))+0.062059165770150387" 
1, comb, up_correlated, 1, -2.4, 2.4, 300, 670, 0, 1, "(0.901114+(1.32145e-05*x))+0.066894065098244734" 
1, comb, up_correlated, 0, -2.4, 2.4, 30, 50, 0, 1, "(0.901114+(1.32145e-05*x))+0.0099364344447571418" 
1, comb, up_correlated, 0, -2.4, 2.4, 50, 70, 0, 1, "(0.901114+(1.32145e-05*x))+0.010432159449263349" 
1, comb, up_correlated, 0, -2.4, 2.4, 70, 100, 0, 1, "(0.901114+(1.32145e-05*x))+0.0098267991346556848" 
1, comb, up_correlated, 0, -2.4, 2.4, 100, 140, 0, 1, "(0.901114+(1.32145e-05*x))+0.014580519472082169" 
1, comb, up_correlated, 0, -2.4, 2.4, 140, 200, 0, 1, "(0.901114+(1.32145e-05*x))+0.014876946628380029" 
1, comb, up_correlated, 0, -2.4, 2.4, 200, 300, 0, 1, "(0.901114+(1.32145e-05*x))+0.031029582885075194" 
1, comb, up_correlated, 0, -2.4, 2.4, 300, 670, 0, 1, "(0.901114+(1.32145e-05*x))+0.033447032549122367" 
1, comb, up_uncorrelated, 1, -2.4, 2.4, 30, 50, 0, 1, "(0.901114+(1.32145e-05*x))+0.012083915064233017" 
1, comb, up_uncorrelated, 1, -2.4, 2.4, 50, 70, 0, 1, "(0.901114+(1.32145e-05*x))+0.0096871229026295521" 
1, comb, up_uncorrelated, 1, -2.4, 2.4, 70, 100, 0, 1, "(0.901114+(1.32145e-05*x))+0.0107984524345884" 
1, comb, up_uncorrelated, 1, -2.4, 2.4, 100, 140, 0, 1, "(0.901114+(1.32145e-05*x))+0.01374484321423843" 
1, comb, up_uncorrelated, 1, -2.4, 2.4, 140, 200, 0, 1, "(0.901114+(1.32145e-05*x))+0.015741724527588135" 
1, comb, up_uncorrelated, 1, -2.4, 2.4, 200, 300, 0, 1, "(0.901114+(1.32145e-05*x))+0.019277298831660041" 
1, comb, up_uncorrelated, 1, -2.4, 2.4, 300, 670, 0, 1, "(0.901114+(1.32145e-05*x))+0.028960011900844507" 
1, comb, up_uncorrelated, 0, -2.4, 2.4, 30, 50, 0, 1, "(0.901114+(1.32145e-05*x))+0.0060419575321165086" 
1, comb, up_uncorrelated, 0, -2.4, 2.4, 50, 70, 0, 1, "(0.901114+(1.32145e-05*x))+0.004843561451314776" 
1, comb, up_uncorrelated, 0, -2.4, 2.4, 70, 100, 0, 1, "(0.901114+(1.32145e-05*x))+0.0053992262172942" 
1, comb, up_uncorrelated, 0, -2.4, 2.4, 100, 140, 0, 1, "(0.901114+(1.32145e-05*x))+0.0068724216071192152" 
1, comb, up_uncorrelated, 0, -2.4, 2.4, 140, 200, 0, 1, "(0.901114+(1.32145e-05*x))+0.0078708622637940675" 
1, comb, up_uncorrelated, 0, -2.4, 2.4, 200, 300, 0, 1, "(0.901114+(1.32145e-05*x))+0.0096386494158300206" 
1, comb, up_uncorrelated, 0, -2.4, 2.4, 300, 670, 0, 1, "(0.901114+(1.32145e-05*x))+0.014480005950422254" 
2, comb, central, 1, -2.4, 2.4, 30, 670, 0, 1, "0.857294+(3.75846e-05*x)" 
2, comb, central, 0, -2.4, 2.4, 30, 670, 0, 1, "0.857294+(3.75846e-05*x)" 
2, comb, down, 1, -2.4, 2.4, 30, 50, 0, 1, "0.857294+((3.75846e-05*x)-0.028772119432687759)" 
2, comb, down, 1, -2.4, 2.4, 50, 70, 0, 1, "0.857294+((3.75846e-05*x)-0.027094315737485886)" 
2, comb, down, 1, -2.4, 2.4, 70, 100, 0, 1, "0.857294+((3.75846e-05*x)-0.029823761433362961)" 
2, comb, down, 1, -2.4, 2.4, 100, 140, 0, 1, "0.857294+((3.75846e-05*x)-0.038315325975418091)" 
2, comb, down, 1, -2.4, 2.4, 140, 200, 0, 1, "0.857294+((3.75846e-05*x)-0.043433453887701035)" 
2, comb, down, 1, -2.4, 2.4, 200, 300, 0, 1, "0.857294+((3.75846e-05*x)-0.093691818416118622)" 
2, comb, down, 1, -2.4, 2.4, 300, 670, 0, 1, "0.857294+((3.75846e-05*x)-0.084598012268543243)" 
2, comb, down, 0, -2.4, 2.4, 30, 50, 0, 1, "0.857294+((3.75846e-05*x)-0.01438605971634388)" 
2, comb, down, 0, -2.4, 2.4, 50, 70, 0, 1, "0.857294+((3.75846e-05*x)-0.013547157868742943)" 
2, comb, down, 0, -2.4, 2.4, 70, 100, 0, 1, "0.857294+((3.75846e-05*x)-0.01491188071668148)" 
2, comb, down, 0, -2.4, 2.4, 100, 140, 0, 1, "0.857294+((3.75846e-05*x)-0.019157662987709045)" 
2, comb, down, 0, -2.4, 2.4, 140, 200, 0, 1, "0.857294+((3.75846e-05*x)-0.021716726943850517)" 
2, comb, down, 0, -2.4, 2.4, 200, 300, 0, 1, "0.857294+((3.75846e-05*x)-0.046845909208059311)" 
2, comb, down, 0, -2.4, 2.4, 300, 670, 0, 1, "0.857294+((3.75846e-05*x)-0.042299006134271622)" 
2, comb, down_correlated, 1, -2.4, 2.4, 30, 50, 0, 1, "0.857294+((3.75846e-05*x)-0.024577105438725495)" 
2, comb, down_correlated, 1, -2.4, 2.4, 50, 70, 0, 1, "0.857294+((3.75846e-05*x)-0.0230921145155926)" 
2, comb, down_correlated, 1, -2.4, 2.4, 70, 100, 0, 1, "0.857294+((3.75846e-05*x)-0.025814538459666921)" 
2, comb, down_correlated, 1, -2.4, 2.4, 100, 140, 0, 1, "0.857294+((3.75846e-05*x)-0.033859625788532258)" 
2, comb, down_correlated, 1, -2.4, 2.4, 140, 200, 0, 1, "0.857294+((3.75846e-05*x)-0.035543968182273837)" 
2, comb, down_correlated, 1, -2.4, 2.4, 200, 300, 0, 1, "0.857294+((3.75846e-05*x)-0.089889737977905851)" 
2, comb, down_correlated, 1, -2.4, 2.4, 300, 670, 0, 1, "0.857294+((3.75846e-05*x)-0.074224655734480852)" 
2, comb, down_correlated, 0, -2.4, 2.4, 30, 50, 0, 1, "0.857294+((3.75846e-05*x)-0.012288552719362748)" 
2, comb, down_correlated, 0, -2.4, 2.4, 50, 70, 0, 1, "0.857294+((3.75846e-05*x)-0.0115460572577963)" 
2, comb, down_correlated, 0, -2.4, 2.4, 70, 100, 0, 1, "0.857294+((3.75846e-05*x)-0.01290726922983346)" 
2, comb, down_correlated, 0, -2.4, 2.4, 100, 140, 0, 1, "0.857294+((3.75846e-05*x)-0.016929812894266129)" 
2, comb, down_correlated, 0, -2.4, 2.4, 140, 200, 0, 1, "0.857294+((3.75846e-05*x)-0.017771984091136919)" 
2, comb, down_correlated, 0, -2.4, 2.4, 200, 300, 0, 1, "0.857294+((3.75846e-05*x)-0.044944868988952925)" 
2, comb, down_correlated, 0, -2.4, 2.4, 300, 670, 0, 1, "0.857294+((3.75846e-05*x)-0.037112327867240426)" 
2, comb, down_uncorrelated, 1, -2.4, 2.4, 30, 50, 0, 1, "0.857294+((3.75846e-05*x)-0.014959971420514757)" 
2, comb, down_uncorrelated, 1, -2.4, 2.4, 50, 70, 0, 1, "0.857294+((3.75846e-05*x)-0.01417237427114218)" 
2, comb, down_uncorrelated, 1, -2.4, 2.4, 70, 100, 0, 1, "0.857294+((3.75846e-05*x)-0.01493540592513392)" 
2, comb, down_uncorrelated, 1, -2.4, 2.4, 100, 140, 0, 1, "0.857294+((3.75846e-05*x)-0.017932929098814547)" 
2, comb, down_uncorrelated, 1, -2.4, 2.4, 140, 200, 0, 1, "0.857294+((3.75846e-05*x)-0.024961795658016216)" 
2, comb, down_uncorrelated, 1, -2.4, 2.4, 200, 300, 0, 1, "0.857294+((3.75846e-05*x)-0.026419535279455158)" 
2, comb, down_uncorrelated, 1, -2.4, 2.4, 300, 670, 0, 1, "0.857294+((3.75846e-05*x)-0.040589705109625909)" 
2, comb, down_uncorrelated, 0, -2.4, 2.4, 30, 50, 0, 1, "0.857294+((3.75846e-05*x)-0.0074799857102573787)" 
2, comb, down_uncorrelated, 0, -2.4, 2.4, 50, 70, 0, 1, "0.857294+((3.75846e-05*x)-0.0070861871355710898)" 
2, comb, down_uncorrelated, 0, -2.4, 2.4, 70, 100, 0, 1, "0.857294+((3.75846e-05*x)-0.0074677029625669598)" 
2, comb, down_uncorrelated, 0, -2.4, 2.4, 100, 140, 0, 1, "0.857294+((3.75846e-05*x)-0.0089664645494072735)" 
2, comb, down_uncorrelated, 0, -2.4, 2.4, 140, 200, 0, 1, "0.857294+((3.75846e-05*x)-0.012480897829008108)" 
2, comb, down_uncorrelated, 0, -2.4, 2.4, 200, 300, 0, 1, "0.857294+((3.75846e-05*x)-0.013209767639727579)" 
2, comb, down_uncorrelated, 0, -2.4, 2.4, 300, 670, 0, 1, "0.857294+((3.75846e-05*x)-0.020294852554812955)" 
2, comb, up, 1, -2.4, 2.4, 30, 50, 0, 1, "(0.857294+(3.75846e-05*x))+0.028772119432687759" 
2, comb, up, 1, -2.4, 2.4, 50, 70, 0, 1, "(0.857294+(3.75846e-05*x))+0.027094315737485886" 
2, comb, up, 1, -2.4, 2.4, 70, 100, 0, 1, "(0.857294+(3.75846e-05*x))+0.029823761433362961" 
2, comb, up, 1, -2.4, 2.4, 100, 140, 0, 1, "(0.857294+(3.75846e-05*x))+0.038315325975418091" 
2, comb, up, 1, -2.4, 2.4, 140, 200, 0, 1, "(0.857294+(3.75846e-05*x))+0.043433453887701035" 
2, comb, up, 1, -2.4, 2.4, 200, 300, 0, 1, "(0.857294+(3.75846e-05*x))+0.093691818416118622" 
2, comb, up, 1, -2.4, 2.4, 300, 670, 0, 1, "(0.857294+(3.75846e-05*x))+0.084598012268543243" 
2, comb, up, 0, -2.4, 2.4, 30, 50, 0, 1, "(0.857294+(3.75846e-05*x))+0.01438605971634388" 
2, comb, up, 0, -2.4, 2.4, 50, 70, 0, 1, "(0.857294+(3.75846e-05*x))+0.013547157868742943" 
2, comb, up, 0, -2.4, 2.4, 70, 100, 0, 1, "(0.857294+(3.75846e-05*x))+0.01491188071668148" 
2, comb, up, 0, -2.4, 2.4, 100, 140, 0, 1, "(0.857294+(3.75846e-05*x))+0.019157662987709045" 
2, comb, up, 0, -2.4, 2.4, 140, 200, 0, 1, "(0.857294+(3.75846e-05*x))+0.021716726943850517" 
2, comb, up, 0, -2.4, 2.4, 200, 300, 0, 1, "(0.857294+(3.75846e-05*x))+0.046845909208059311" 
2, comb, up, 0, -2.4, 2.4, 300, 670, 0, 1, "(0.857294+(3.75846e-05*x))+0.042299006134271622" 
2, comb, up_correlated, 1, -2.4, 2.4, 30, 50, 0, 1, "(0.857294+(3.75846e-05*x))+0.024577105438725495" 
2, comb, up_correlated, 1, -2.4, 2.4, 50, 70, 0, 1, "(0.857294+(3.75846e-05*x))+0.0230921145155926" 
2, comb, up_correlated, 1, -2.4, 2.4, 70, 100, 0, 1, "(0.857294+(3.75846e-05*x))+0.025814538459666921" 
2, comb, up_correlated, 1, -2.4, 2.4, 100, 140, 0, 1, "(0.857294+(3.75846e-05*x))+0.033859625788532258" 
2, comb, up_correlated, 1, -2.4, 2.4, 140, 200, 0, 1, "(0.857294+(3.75846e-05*x))+0.035543968182273837" 
2, comb, up_correlated, 1, -2.4, 2.4, 200, 300, 0, 1, "(0.857294+(3.75846e-05*x))+0.089889737977905851" 
2, comb, up_correlated, 1, -2.4, 2.4, 300, 670, 0, 1, "(0.857294+(3.75846e-05*x))+0.074224655734480852" 
2, comb, up_correlated, 0, -2.4, 2.4, 30, 50, 0, 1, "(0.857294+(3.75846e-05*x))+0.012288552719362748" 
2, comb, up_correlated, 0, -2.4, 2.4, 50, 70, 0, 1, "(0.857294+(3.75846e-05*x))+0.0115460572577963" 
2, comb, up_correlated, 0, -2.4, 2.4, 70, 100, 0, 1, "(0.857294+(3.75846e-05*x))+0.01290726922983346" 
2, comb, up_correlated, 0, -2.4, 2.4, 100, 140, 0, 1, "(0.857294+(3.75846e-05*x))+0.016929812894266129" 
2, comb, up_correlated, 0, -2.4, 2.4, 140, 200, 0, 1, "(0.857294+(3.75846e-05*x))+0.017771984091136919" 
2, comb, up_correlated, 0, -2.4, 2.4, 200, 300, 0, 1, "(0.857294+(3.75846e-05*x))+0.044944868988952925" 
2, comb, up_correlated, 0, -2.4, 2.4, 300, 670, 0, 1, "(0.857294+(3.75846e-05*x))+0.037112327867240426" 
2, comb, up_uncorrelated, 1, -2.4, 2.4, 30, 50, 0, 1, "(0.857294+(3.75846e-05*x))+0.014959971420514757" 
2, comb, up_uncorrelated, 1, -2.4, 2.4, 50, 70, 0, 1, "(0.857294+(3.75846e-05*x))+0.01417237427114218" 
2, comb, up_uncorrelated, 1, -2.4, 2.4, 70, 100, 0, 1, "(0.857294+(3.75846e-05*x))+0.01493540592513392" 
2, comb, up_uncorrelated, 1, -2.4, 2.4, 100, 140, 0, 1, "(0.857294+(3.75846e-05*x))+0.017932929098814547" 
2, comb, up_uncorrelated, 1, -2.4, 2.4, 140, 200, 0, 1, "(0.857294+(3.75846e-05*x))+0.024961795658016216" 
2, comb, up_uncorrelated, 1, -2.4, 2.4, 200, 300, 0, 1, "(0.857294+(3.75846e-05*x))+0.026419535279455158" 
2, comb, up_uncorrelated, 1, -2.4, 2.4, 300, 670, 0, 1, "(0.857294+(3.75846e-05*x))+0.040589705109625909" 
2, comb, up_uncorrelated, 0, -2.4, 2.4, 30, 50, 0, 1, "(0.857294+(3.75846e-05*x))+0.0074799857102573787" 
2, comb, up_uncorrelated, 0, -2.4, 2.4, 50, 70, 0, 1, "(0.857294+(3.75846e-05*x))+0.0070861871355710898" 
2, comb, up_uncorrelated, 0, -2.4, 2.4, 70, 100, 0, 1, "(0.857294+(3.75846e-05*x))+0.0074677029625669598" 
2, comb, up_uncorrelated, 0, -2.4, 2.4, 100, 140, 0, 1, "(0.857294+(3.75846e-05*x))+0.0089664645494072735" 
2, comb, up_uncorrelated, 0, -2.4, 2.4, 140, 200, 0, 1, "(0.857294+(3.75846e-05*x))+0.012480897829008108" 
2, comb, up_uncorrelated, 0, -2.4, 2.4, 200, 300, 0, 1, "(0.857294+(3.75846e-05*x))+0.013209767639727579" 
2, comb, up_uncorrelated, 0, -2.4, 2.4, 300, 670, 0, 1, "(0.857294+(3.75846e-05*x))+0.020294852554812955" 
0, incl, central, 2, 0, 2.4, 20, 1000, 0, 1, "1.05636+0.000920353*x+-7.85916e-07*x*x+1.92221e-11*x*x*x" 
0, incl, down, 2, 0, 2.4, 20, 1000, 0, 1, "(1.05636+0.000920353*x+-7.85916e-07*x*x+1.92221e-11*x*x*x)*(1-(0.0539991+-6.29073e-06*x+-3.39895e-09*x*x))" 
0, incl, up, 2, 0, 2.4, 20, 1000, 0, 1, "(1.05636+0.000920353*x+-7.85916e-07*x*x+1.92221e-11*x*x*x)*(1+(0.0539991+-6.29073e-06*x+-3.39895e-09*x*x))" 
0, incl, down_correlated, 2, 0, 2.4, 30, 80, 0, 1, "1.06805460" 
0, incl, down_correlated, 2, 0, 2.4, 80, 140, 0, 1, "1.10163099" 
0, incl, down_correlated, 2, 0, 2.4, 140, 240, 0, 1, "1.15304292" 
0, incl, down_correlated, 2, 0, 2.4, 240, 440, 0, 1, "1.23072787" 
0, incl, down_correlated, 2, 0, 2.4, 440, 600, 0, 1, "1.28923629" 
0, incl, down_correlated, 2, 0, 2.4, 600, 1000, 0, 1, "1.25843387" 
0, incl, down_uncorrelated, 2, 0, 2.4, 30, 80, 0, 1, "1.06131140" 
0, incl, down_uncorrelated, 2, 0, 2.4, 80, 140, 0, 1, "1.10305389" 
0, incl, down_uncorrelated, 2, 0, 2.4, 140, 240, 0, 1, "1.15538775" 
0, incl, down_uncorrelated, 2, 0, 2.4, 240, 440, 0, 1, "1.22677451" 
0, incl, down_uncorrelated, 2, 0, 2.4, 440, 600, 0, 1, "1.27183612" 
0, incl, down_uncorrelated, 2, 0, 2.4, 600, 1000, 0, 1, "1.23927179" 
0, incl, up_correlated, 2, 0, 2.4, 30, 80, 0, 1, "1.14082783" 
0, incl, up_correlated, 2, 0, 2.4, 80, 140, 0, 1, "1.19412910" 
0, incl, up_correlated, 2, 0, 2.4, 140, 240, 0, 1, "1.25163840" 
0, incl, up_correlated, 2, 0, 2.4, 240, 440, 0, 1, "1.32252903" 
0, incl, up_correlated, 2, 0, 2.4, 440, 600, 0, 1, "1.35780628" 
0, incl, up_correlated, 2, 0, 2.4, 600, 1000, 0, 1, "1.32083333" 
0, incl, up_uncorrelated, 2, 0, 2.4, 30, 80, 0, 1, "1.14757102" 
0, incl, up_uncorrelated, 2, 0, 2.4, 80, 140, 0, 1, "1.19270619" 
0, incl, up_uncorrelated, 2, 0, 2.4, 140, 240, 0, 1, "1.24929356" 
0, incl, up_uncorrelated, 2, 0, 2.4, 240, 440, 0, 1, "1.32648238" 
0, incl, up_uncorrelated, 2, 0, 2.4, 440, 600, 0, 1, "1.37520644" 
0, incl, up_uncorrelated, 2, 0, 2.4, 600, 1000, 0, 1, "1.33999540" 
1, incl, central, 2, 0, 2.4, 20, 1000, 0, 1, "0.980777+-0.00109334*x+4.2909e-06*x*x+-2.78512e-09*x*x*x" 
1, incl, down, 2, 0, 2.4, 20, 1000, 0, 1, "(0.980777+-0.00109334*x+4.2909e-06*x*x+-2.78512e-09*x*x*x)*(1-(0.0672836+0.000102309*x+-1.01558e-07*x*x))" 
1, incl, up, 2, 0, 2.4, 20, 1000, 0, 1, "(0.980777+-0.00109334*x+4.2909e-06*x*x+-2.78512e-09*x*x*x)*(1+(0.0672836+0.000102309*x+-1.01558e-07*x*x))" 
1, incl, down_correlated, 2, 0, 2.4, 30, 80, 0, 1, "0.89309563" 
1, incl, down_correlated, 2, 0, 2.4, 80, 140, 0, 1, "0.85720332" 
1, incl, down_correlated, 2, 0, 2.4, 140, 240, 0, 1, "0.84380431" 
1, incl, down_correlated, 2, 0, 2.4, 240, 440, 0, 1, "0.92142488" 
1, incl, down_correlated, 2, 0, 2.4, 440, 600, 0, 1, "1.09290000" 
1, incl, down_correlated, 2, 0, 2.4, 600, 1000, 0, 1, "1.31028853" 
1, incl, down_uncorrelated, 2, 0, 2.4, 30, 80, 0, 1, "0.88651008" 
1, incl, down_uncorrelated, 2, 0, 2.4, 80, 140, 0, 1, "0.86351668" 
1, incl, down_uncorrelated, 2, 0, 2.4, 140, 240, 0, 1, "0.86480714" 
1, incl, down_uncorrelated, 2, 0, 2.4, 240, 440, 0, 1, "0.94961138" 
1, incl, down_uncorrelated, 2, 0, 2.4, 440, 600, 0, 1, "1.12078759" 
1, incl, down_uncorrelated, 2, 0, 2.4, 600, 1000, 0, 1, "1.32354932" 
1, incl, up_correlated, 2, 0, 2.4, 30, 80, 0, 1, "0.97482134" 
1, incl, up_correlated, 2, 0, 2.4, 80, 140, 0, 1, "0.96226549" 
1, incl, up_correlated, 2, 0, 2.4, 140, 240, 0, 1, "0.97838356" 
1, incl, up_correlated, 2, 0, 2.4, 240, 440, 0, 1, "1.07944937" 
1, incl, up_correlated, 2, 0, 2.4, 440, 600, 0, 1, "1.26865030" 
1, incl, up_correlated, 2, 0, 2.4, 600, 1000, 0, 1, "1.47848994" 
1, incl, up_uncorrelated, 2, 0, 2.4, 30, 80, 0, 1, "0.98140689" 
1, incl, up_uncorrelated, 2, 0, 2.4, 80, 140, 0, 1, "0.95595214" 
1, incl, up_uncorrelated, 2, 0, 2.4, 140, 240, 0, 1, "0.95738074" 
1, incl, up_uncorrelated, 2, 0, 2.4, 240, 440, 0, 1, "1.05126288" 
1, incl, up_uncorrelated, 2, 0, 2.4, 440, 600, 0, 1, "1.24076271" 
1, incl, up_uncorrelated, 2, 0, 2.4, 600, 1000, 0, 1, "1.46522915" 
2, incl, central, 2, 0, 2.4, 20, 1000, 0, 1, "0.688619+260.84/(x*x)" 
2, incl, down, 2, 0, 2.4, 20, 1000, 0, 1, "(0.688619+260.84/(x*x))*(1-(0.144982+0.000116685*x+-1.0021e-07*x*x))" 
2, incl, up, 2, 0, 2.4, 20, 1000, 0, 1, "(0.688619+260.84/(x*x))*(1+(0.144982+0.000116685*x+-1.0021e-07*x*x))" 
2, incl, down_correlated, 2, 0, 2.4, 30, 80, 0, 1, "0.72708645" 
2, incl, down_correlated, 2, 0, 2.4, 80, 140, 0, 1, "0.60921324" 
2, incl, down_correlated, 2, 0, 2.4, 140, 240, 0, 1, "0.59536429" 
2, incl, down_correlated, 2, 0, 2.4, 240, 440, 0, 1, "0.58969913" 
2, incl, down_correlated, 2, 0, 2.4, 440, 600, 0, 1, "0.58776394" 
2, incl, down_correlated, 2, 0, 2.4, 600, 1000, 0, 1, "0.59606141" 
2, incl, down_uncorrelated, 2, 0, 2.4, 30, 80, 0, 1, "0.71558770" 
2, incl, down_uncorrelated, 2, 0, 2.4, 80, 140, 0, 1, "0.63894559" 
2, incl, down_uncorrelated, 2, 0, 2.4, 140, 240, 0, 1, "0.62501066" 
2, incl, down_uncorrelated, 2, 0, 2.4, 240, 440, 0, 1, "0.62026011" 
2, incl, down_uncorrelated, 2, 0, 2.4, 440, 600, 0, 1, "0.61892996" 
2, incl, down_uncorrelated, 2, 0, 2.4, 600, 1000, 0, 1, "0.61843337" 
2, incl, up_correlated, 2, 0, 2.4, 30, 80, 0, 1, "0.86751845" 
2, incl, up_correlated, 2, 0, 2.4, 80, 140, 0, 1, "0.81460352" 
2, incl, up_correlated, 2, 0, 2.4, 140, 240, 0, 1, "0.79740009" 
2, incl, up_correlated, 2, 0, 2.4, 240, 440, 0, 1, "0.79247920" 
2, incl, up_correlated, 2, 0, 2.4, 440, 600, 0, 1, "0.79145031" 
2, incl, up_correlated, 2, 0, 2.4, 600, 1000, 0, 1, "0.78204624" 
2, incl, up_uncorrelated, 2, 0, 2.4, 30, 80, 0, 1, "0.87901720" 
2, incl, up_uncorrelated, 2, 0, 2.4, 80, 140, 0, 1, "0.78487118" 
2, incl, up_uncorrelated, 2, 0, 2.4, 140, 240, 0, 1, "0.76775372" 
2, incl, up_uncorrelated, 2, 0, 2.4, 240, 440, 0, 1, "0.76191822" 
2, incl, up_uncorrelated, 2, 0, 2.4, 440, 600, 0, 1, "0.76028428" 
2, incl, up_uncorrelated, 2, 0, 2.4, 600, 1000, 0, 1, "0.75967428" 
